Device,TrafficSource,PastVisits,TotalPagesViewed,TimePerPage_sec,VisitDuration_min,CartOpened,PurchaseMade,Revenue
Mobile,Shopping Site,4,3,13.25,6.74,0,0,0.0
Desktop,Referral,2,4,15.72,11.19,0,0,0.0
Mobile,Search,1,4,52.86,8.3,0,0,0.0
Mobile,Referral,0,11,49.53,4.0,0,0,0.0
Mobile,Shopping Site,3,28,37.82,10.13,0,0,0.0
Mobile,Search,4,7,59.69,14.38,0,0,0.0
Mobile,Social Media,4,26,44.64,11.59,0,0,0.0
Desktop,Search,3,11,14.52,9.14,0,0,0.0
Mobile,Referral,3,24,51.11,14.86,0,0,0.0
Mobile,Email,6,11,26.05,4.13,1,0,0.0
Mobile,Advertisement,4,10,4.1,1.12,0,0,0.0
Desktop,Referral,4,5,20.64,0.68,0,1,186.81
Desktop,Search,5,13,46.29,10.72,0,0,0.0
Mobile,Referral,1,29,57.69,12.49,0,0,0.0
Mobile,Email,4,12,18.02,9.6,0,0,0.0
Mobile,Social Media,2,10,16.3,13.59,1,0,0.0
Mobile,Internal,4,7,34.69,10.53,0,0,0.0
Mobile,Search,5,19,49.08,5.69,0,0,0.0
Mobile,Advertisement,2,19,45.3,2.88,0,0,0.0
Mobile,Search,4,19,34.48,13.88,0,0,0.0
Mobile,Search,1,12,38.62,1.73,0,0,0.0
Mobile,Email,2,20,16.04,8.24,0,1,151.74
Mobile,Search,4,22,27.09,4.85,0,0,0.0
Mobile,Referral,1,15,16.81,4.22,0,0,0.0
Mobile,Social Media,1,5,53.3,9.76,0,0,0.0
Mobile,Shopping Site,0,24,8.53,3.62,0,0,0.0
Mobile,Search,3,14,41.42,13.76,0,0,0.0
Mobile,Search,3,12,17.1,6.21,0,0,0.0
Mobile,Shopping Site,4,29,29.58,10.23,0,0,0.0
Mobile,Search,2,21,19.37,10.97,0,0,0.0
Mobile,Referral,3,11,20.75,10.31,0,0,0.0
Mobile,Email,6,28,17.1,13.57,0,0,0.0
Mobile,Email,2,5,45.66,3.62,0,0,0.0
Desktop,Search,2,16,23.21,1.47,0,0,0.0
Desktop,Search,2,26,44.13,1.02,0,0,0.0
Desktop,Internal,4,18,28.45,13.19,1,0,0.0
Mobile,Referral,1,12,33.74,14.6,0,0,0.0
Mobile,Referral,4,27,33.51,4.68,0,0,0.0
Mobile,Referral,3,27,58.6,10.46,0,0,0.0
Mobile,Shopping Site,3,5,23.29,0.33,0,0,0.0
Mobile,Search,5,16,14.05,2.99,0,0,0.0
Mobile,Email,3,12,54.88,10.4,0,0,0.0
Mobile,Email,1,23,12.14,1.18,0,1,86.25
Desktop,Referral,1,2,50.4,7.13,0,0,0.0
Mobile,Search,3,29,10.71,10.01,0,1,134.09
Mobile,Search,5,6,40.21,11.54,0,0,0.0
Mobile,Referral,4,23,10.73,6.92,0,0,0.0
Mobile,Search,2,21,55.54,9.53,0,0,0.0
Mobile,Email,7,25,34.77,8.19,1,0,0.0
Mobile,Referral,0,4,21.1,0.97,0,0,0.0
Desktop,Email,4,13,10.14,11.19,0,1,179.68
Mobile,Email,2,10,23.53,2.75,0,0,0.0
Desktop,Referral,3,17,42.89,0.67,0,0,0.0
Desktop,Search,1,14,24.33,6.88,0,0,0.0
Mobile,Search,3,24,16.27,13.01,1,0,0.0
Desktop,Search,1,15,35.49,2.43,0,0,0.0
Mobile,Email,3,8,26.23,0.39,0,0,0.0
Mobile,Social Media,6,23,11.62,1.83,0,0,0.0
Mobile,Search,3,24,10.93,5.58,0,0,0.0
Mobile,Email,2,18,43.03,8.79,0,0,0.0
Mobile,Referral,1,3,58.53,3.06,1,0,0.0
Mobile,Email,4,25,15.52,12.07,0,0,0.0
Desktop,Search,4,17,46.84,11.35,0,0,0.0
Mobile,Email,3,24,7.08,10.5,1,0,0.0
Mobile,Referral,1,24,24.13,7.41,0,0,0.0
Mobile,Search,4,7,31.39,5.61,0,0,0.0
Mobile,Referral,2,13,17.59,5.76,0,0,0.0
Desktop,Shopping Site,4,27,32.72,7.65,0,0,0.0
Mobile,Referral,1,16,53.19,1.34,0,0,0.0
Desktop,Internal,5,5,56.78,10.3,0,0,0.0
Mobile,Search,3,4,7.83,5.4,0,0,0.0
Mobile,Email,1,26,17.77,3.53,0,0,0.0
Mobile,Referral,2,10,58.79,4.32,0,0,0.0
Desktop,Search,1,13,17.68,2.87,0,0,0.0
Mobile,Search,5,10,42.18,13.54,0,0,0.0
Mobile,Search,1,14,16.7,2.7,0,0,0.0
Mobile,Referral,3,26,22.67,13.27,0,0,0.0
Mobile,Email,2,22,13.09,8.67,0,0,0.0
Mobile,Search,3,12,51.67,13.04,1,1,68.31
Mobile,Search,2,27,53.19,7.22,0,0,0.0
Desktop,Advertisement,5,1,19.22,13.93,0,0,0.0
Mobile,Referral,4,29,49.77,3.33,0,0,0.0
Mobile,Email,5,21,22.78,8.41,0,0,0.0
Mobile,Search,2,20,7.74,2.06,0,0,0.0
Mobile,Email,3,20,45.97,6.82,0,0,0.0
Mobile,Email,2,7,36.59,8.63,0,0,0.0
Mobile,Referral,1,9,17.91,9.16,0,0,0.0
Mobile,Search,3,8,16.67,5.61,1,0,0.0
Desktop,Search,1,27,58.59,1.33,0,0,0.0
Mobile,Social Media,7,13,52.03,9.9,0,0,0.0
Mobile,Search,6,14,48.97,7.43,0,0,0.0
Mobile,Search,3,12,9.43,2.23,0,0,0.0
Mobile,Referral,4,8,45.8,14.05,0,0,0.0
Mobile,Email,1,21,14.44,14.34,0,0,0.0
Mobile,Shopping Site,1,22,58.69,12.88,0,0,0.0
Mobile,Search,2,18,5.02,12.69,0,0,0.0
Mobile,Email,3,16,22.42,1.66,0,0,0.0
Mobile,Search,3,29,26.86,14.9,0,0,0.0
Mobile,Search,1,11,49.8,6.13,0,0,0.0
Mobile,Social Media,4,16,46.44,2.61,0,0,0.0
Mobile,Search,1,14,23.75,12.22,0,0,0.0
Mobile,Email,3,3,34.8,3.54,0,0,0.0
Mobile,Referral,3,21,50.46,7.99,0,1,43.88
Mobile,Search,1,2,3.06,2.09,0,0,0.0
Desktop,Search,2,3,48.53,7.22,0,0,0.0
Mobile,Internal,4,4,56.92,8.46,0,0,0.0
Mobile,Search,2,22,3.86,6.8,0,1,118.25
Mobile,Search,0,5,4.64,1.23,0,0,0.0
Mobile,Shopping Site,4,10,21.98,7.38,0,0,0.0
Mobile,Search,0,20,7.09,7.14,0,0,0.0
Mobile,Referral,2,29,29.8,4.07,0,0,0.0
Mobile,Referral,5,2,44.27,13.84,0,0,0.0
Desktop,Referral,1,12,34.88,6.38,0,0,0.0
Desktop,Search,5,27,13.39,12.99,0,0,0.0
Mobile,Search,4,5,39.98,1.82,0,0,0.0
Desktop,Referral,4,5,41.72,4.92,0,0,0.0
Desktop,Social Media,3,27,56.08,2.81,0,0,0.0
Mobile,Search,6,23,10.51,6.24,0,0,0.0
Desktop,Referral,2,1,42.16,1.85,0,0,0.0
Mobile,Search,4,4,54.86,6.73,1,0,0.0
Desktop,Search,2,27,31.09,5.44,0,0,0.0
Desktop,Email,5,21,22.98,3.51,0,0,0.0
Mobile,Search,3,24,11.9,9.7,0,0,0.0
Mobile,Social Media,3,12,52.27,14.27,0,0,0.0
Mobile,Search,3,12,24.87,3.27,0,0,0.0
Mobile,Search,1,16,55.64,10.73,0,0,0.0
Desktop,Search,3,24,51.17,11.19,1,0,0.0
Desktop,Referral,6,17,23.85,7.57,0,0,0.0
Mobile,Search,3,21,35.29,13.49,0,0,0.0
Mobile,Social Media,1,10,3.58,14.5,0,0,0.0
Mobile,Referral,3,17,17.27,5.56,0,0,0.0
Mobile,Advertisement,3,17,43.2,9.84,1,0,0.0
Mobile,Email,2,18,41.32,10.0,0,0,0.0
Mobile,Email,3,2,22.5,6.17,0,0,0.0
Desktop,Search,0,25,48.9,4.89,0,0,0.0
Mobile,Search,8,4,15.68,14.02,0,0,0.0
Mobile,Referral,1,19,28.75,11.89,0,0,0.0
Mobile,Search,1,11,29.41,1.89,1,0,0.0
Mobile,Referral,3,17,21.77,1.97,0,0,0.0
Desktop,Search,2,12,57.37,13.85,0,0,0.0
Desktop,Search,2,2,42.41,1.4,1,0,0.0
Mobile,Email,3,6,33.27,10.39,0,1,92.51
Mobile,Search,4,9,31.61,3.56,0,0,0.0
Mobile,Internal,3,5,11.24,0.72,0,0,0.0
Mobile,Email,7,20,23.59,1.08,0,0,0.0
Mobile,Search,3,29,41.02,5.73,0,0,0.0
Mobile,Email,3,21,55.63,1.35,1,0,0.0
Mobile,Social Media,3,9,49.35,9.03,0,0,0.0
Mobile,Email,5,28,19.42,9.78,0,0,0.0
Mobile,Search,5,29,27.17,5.73,0,0,0.0
Desktop,Internal,4,23,6.81,11.19,0,0,0.0
Mobile,Referral,4,8,7.93,7.45,0,0,0.0
Mobile,Search,2,20,29.27,6.57,0,0,0.0
Mobile,Search,6,27,32.75,6.22,0,0,0.0
Desktop,Referral,3,8,17.31,6.58,0,0,0.0
Mobile,Referral,2,22,39.28,14.52,0,0,0.0
Mobile,Referral,6,21,42.8,10.28,0,0,0.0
Mobile,Internal,4,29,19.35,4.87,0,0,0.0
Mobile,Email,3,28,45.99,11.06,0,0,0.0
Mobile,Search,3,23,13.93,5.09,1,0,0.0
Mobile,Search,6,6,33.57,2.06,0,0,0.0
Mobile,Search,4,3,48.65,7.24,0,0,0.0
Mobile,Social Media,2,5,33.15,11.32,0,0,0.0
Mobile,Search,1,9,54.66,5.79,0,0,0.0
Mobile,Email,3,7,5.39,13.06,0,0,0.0
Desktop,Search,4,28,36.12,5.93,0,0,0.0
Mobile,Search,5,4,34.58,5.38,0,0,0.0
Mobile,Referral,6,7,40.3,14.97,0,0,0.0
Mobile,Search,2,5,50.34,7.34,1,0,0.0
Mobile,Internal,4,11,44.1,12.12,0,0,0.0
Mobile,Search,4,29,47.84,12.11,0,0,0.0
Mobile,Referral,0,15,18.75,13.91,0,0,0.0
Mobile,Referral,4,2,24.47,1.46,0,0,0.0
Mobile,Search,5,13,38.35,4.21,0,0,0.0
Mobile,Referral,2,22,34.1,11.56,0,0,0.0
Mobile,Search,5,16,57.74,8.53,0,0,0.0
Mobile,Shopping Site,4,7,12.84,8.48,0,0,0.0
Mobile,Search,5,8,22.37,2.66,0,0,0.0
Desktop,Search,2,6,35.22,4.36,0,0,0.0
Mobile,Email,2,24,52.34,7.92,0,0,0.0
Mobile,Internal,0,7,55.9,4.3,0,0,0.0
Mobile,Referral,4,18,21.49,3.31,1,0,0.0
Desktop,Advertisement,1,22,5.89,1.5,0,0,0.0
Desktop,Internal,2,25,26.45,2.5,0,0,0.0
Mobile,Search,3,28,24.87,11.58,0,0,0.0
Mobile,Search,2,22,59.22,10.84,0,0,0.0
Desktop,Search,2,20,27.0,0.88,0,0,0.0
Mobile,Search,1,7,19.73,3.21,0,0,0.0
Mobile,Search,3,3,23.19,8.49,0,0,0.0
Mobile,Search,4,5,25.02,4.97,0,0,0.0
Mobile,Shopping Site,6,1,49.65,12.38,0,0,0.0
Desktop,Search,3,15,6.7,11.82,0,0,0.0
Desktop,Search,2,26,20.36,13.4,0,0,0.0
Mobile,Email,3,3,58.05,8.53,0,0,0.0
Mobile,Referral,1,8,10.88,5.41,0,0,0.0
Mobile,Social Media,2,25,45.07,9.17,1,0,0.0
Mobile,Email,1,9,22.67,1.52,1,0,0.0
Desktop,Search,3,15,35.74,0.34,0,0,0.0
Desktop,Email,4,10,7.77,0.45,0,0,0.0
Mobile,Social Media,2,2,19.77,6.23,0,0,0.0
Mobile,Search,2,20,31.05,3.58,0,0,0.0
Mobile,Referral,3,5,15.44,2.53,1,0,0.0
Mobile,Social Media,2,19,33.43,9.31,0,0,0.0
Desktop,Advertisement,2,13,14.75,14.93,0,0,0.0
Mobile,Search,3,11,39.71,2.83,1,0,0.0
Mobile,Search,1,1,54.45,8.29,0,0,0.0
Mobile,Shopping Site,6,22,6.96,1.97,0,0,0.0
Mobile,Search,2,15,14.56,14.03,0,0,0.0
Mobile,Shopping Site,2,26,50.98,4.52,0,0,0.0
Mobile,Search,2,18,38.63,13.2,0,0,0.0
Mobile,Search,4,16,6.57,4.39,0,0,0.0
Mobile,Search,1,9,30.21,12.13,0,0,0.0
Mobile,Advertisement,2,1,14.17,3.3,0,0,0.0
Mobile,Search,4,11,13.55,4.53,1,0,0.0
Mobile,Search,3,9,56.56,3.05,0,0,0.0
Mobile,Internal,3,23,46.17,4.11,0,0,0.0
Mobile,Search,3,11,42.38,12.56,0,0,0.0
Mobile,Shopping Site,6,13,15.86,9.66,0,0,0.0
Mobile,Search,3,26,8.88,6.21,0,0,0.0
Desktop,Referral,3,2,52.51,14.58,0,0,0.0
Mobile,Search,1,14,2.34,7.08,0,0,0.0
Mobile,Email,2,6,24.51,14.55,0,0,0.0
Mobile,Referral,4,8,18.1,3.11,0,0,0.0
Mobile,Referral,3,18,35.08,13.59,1,0,0.0
Mobile,Advertisement,3,16,16.53,0.4,0,0,0.0
Mobile,Email,2,21,20.05,8.27,1,0,0.0
Desktop,Internal,3,29,51.3,6.46,0,0,0.0
Mobile,Email,1,12,36.98,7.97,0,0,0.0
Desktop,Shopping Site,2,11,10.45,8.39,1,0,0.0
Mobile,Shopping Site,2,6,44.14,5.96,0,0,0.0
Mobile,Search,3,3,14.03,14.97,0,0,0.0
Mobile,Advertisement,5,14,27.11,14.65,0,1,168.49
Mobile,Search,3,28,39.5,14.43,0,0,0.0
Mobile,Search,6,2,17.77,14.69,0,0,0.0
Mobile,Search,2,11,24.28,11.94,0,0,0.0
Mobile,Email,5,22,44.58,14.83,0,0,0.0
Mobile,Search,6,3,56.4,13.41,0,0,0.0
Mobile,Referral,6,18,32.7,6.36,0,0,0.0
Mobile,Referral,3,1,2.58,11.81,0,0,0.0
Mobile,Referral,4,24,21.63,13.7,0,0,0.0
Desktop,Search,3,1,25.12,10.75,0,0,0.0
Desktop,Advertisement,2,12,21.67,6.46,0,0,0.0
Desktop,Email,5,15,27.3,1.17,0,0,0.0
Mobile,Search,4,5,38.69,12.18,0,0,0.0
Mobile,Search,2,27,9.03,14.3,0,0,0.0
Desktop,Email,0,6,17.81,5.56,1,0,0.0
Mobile,Referral,0,16,31.44,2.45,0,0,0.0
Desktop,Search,5,27,20.3,5.03,0,0,0.0
Desktop,Email,6,12,59.48,8.82,0,0,0.0
Desktop,Referral,1,12,27.02,4.89,0,0,0.0
Mobile,Referral,2,3,52.45,9.24,0,0,0.0
Mobile,Search,5,23,54.0,14.51,0,0,0.0
Desktop,Search,4,2,50.49,10.13,0,0,0.0
Mobile,Search,3,7,4.72,5.57,0,0,0.0
Mobile,Search,2,2,56.97,14.05,0,0,0.0
Mobile,Email,0,21,9.47,8.57,0,0,0.0
Desktop,Email,4,7,4.0,2.1,0,0,0.0
Mobile,Social Media,5,11,26.03,7.58,0,0,0.0
Mobile,Internal,2,11,13.29,9.87,0,0,0.0
Mobile,Social Media,3,14,12.68,12.61,0,0,0.0
Mobile,Search,7,3,18.69,14.06,0,0,0.0
Desktop,Search,5,14,16.41,4.9,0,0,0.0
Mobile,Search,3,11,41.72,2.5,0,0,0.0
Mobile,Social Media,1,4,12.83,1.29,0,0,0.0
Desktop,Search,3,17,33.5,11.13,0,0,0.0
Mobile,Search,4,16,59.21,11.97,1,0,0.0
Mobile,Email,1,3,27.08,6.26,0,0,0.0
Mobile,Search,3,25,39.23,6.06,0,1,178.99
Mobile,Referral,3,10,58.22,14.32,0,0,0.0
Mobile,Email,4,21,9.98,13.77,0,0,0.0
Desktop,Referral,1,15,26.28,3.65,0,0,0.0
Desktop,Social Media,2,8,51.31,11.76,0,0,0.0
Desktop,Email,3,18,56.07,9.42,0,0,0.0
Desktop,Search,2,3,36.87,2.48,0,0,0.0
Mobile,Search,1,7,10.32,5.48,1,0,0.0
Mobile,Search,1,10,54.29,2.83,0,0,0.0
Mobile,Search,3,20,12.12,4.57,0,0,0.0
Mobile,Email,0,9,22.47,9.31,0,0,0.0
Mobile,Search,3,14,23.78,5.75,0,0,0.0
Mobile,Referral,1,23,27.94,6.03,0,0,0.0
Desktop,Shopping Site,1,14,47.83,8.19,0,0,0.0
Mobile,Social Media,7,11,48.52,1.49,0,0,0.0
Mobile,Email,3,28,43.74,11.13,0,0,0.0
Mobile,Advertisement,2,1,3.28,6.15,0,0,0.0
Mobile,Referral,4,4,34.76,7.31,0,0,0.0
Mobile,Shopping Site,4,26,45.35,14.62,1,0,0.0
Mobile,Search,0,27,27.79,5.3,0,0,0.0
Mobile,Internal,3,6,56.81,9.79,0,1,45.13
Mobile,Email,3,22,49.78,6.01,0,0,0.0
Mobile,Referral,7,26,39.01,13.44,0,0,0.0
Mobile,Search,3,22,5.62,12.73,0,0,0.0
Mobile,Shopping Site,2,5,39.84,3.78,0,0,0.0
Desktop,Referral,4,3,54.87,10.44,0,0,0.0
Mobile,Email,2,2,24.01,1.16,0,0,0.0
Mobile,Advertisement,2,3,50.61,14.46,0,0,0.0
Mobile,Advertisement,3,9,20.16,5.37,0,0,0.0
Mobile,Referral,0,19,35.07,12.51,0,0,0.0
Mobile,Advertisement,0,19,39.61,4.91,0,0,0.0
Mobile,Referral,3,17,41.32,9.57,0,0,0.0
Mobile,Internal,4,18,53.19,14.76,0,0,0.0
Mobile,Search,6,11,15.61,13.18,0,0,0.0
Mobile,Email,4,12,17.22,2.57,0,0,0.0
Mobile,Email,2,3,42.83,8.3,0,0,0.0
Mobile,Shopping Site,2,18,12.28,5.36,0,0,0.0
Mobile,Search,8,24,28.93,6.63,0,0,0.0
Desktop,Social Media,4,6,3.16,5.16,1,0,0.0
Mobile,Referral,3,7,10.18,5.17,0,0,0.0
Mobile,Search,1,1,41.37,8.23,0,0,0.0
Mobile,Referral,2,6,45.35,3.04,1,0,0.0
Mobile,Internal,1,18,8.69,8.15,0,1,59.48
Mobile,Email,3,13,15.21,4.33,0,0,0.0
Mobile,Search,4,22,7.74,4.48,0,0,0.0
Mobile,Email,0,19,27.14,11.13,0,0,0.0
Desktop,Search,2,7,9.31,0.64,0,0,0.0
Desktop,Search,5,19,27.36,5.84,0,0,0.0
Mobile,Referral,5,9,44.46,6.23,0,0,0.0
Mobile,Shopping Site,3,3,41.64,7.38,0,0,0.0
Mobile,Social Media,1,23,18.27,10.1,0,0,0.0
Mobile,Social Media,3,12,41.08,5.67,0,0,0.0
Mobile,Social Media,2,20,55.81,3.35,0,0,0.0
Mobile,Search,5,24,22.16,13.3,0,0,0.0
Mobile,Search,1,18,21.09,14.72,1,0,0.0
Mobile,Search,3,8,35.14,0.5,1,0,0.0
Mobile,Internal,3,9,16.24,8.29,0,0,0.0
Desktop,Search,4,13,39.79,5.26,0,0,0.0
Mobile,Search,2,8,50.27,4.3,0,0,0.0
Mobile,Search,2,22,28.64,5.17,0,0,0.0
Mobile,Advertisement,1,10,41.41,9.66,0,0,0.0
Mobile,Search,0,17,39.81,3.02,0,0,0.0
Mobile,Referral,2,7,4.24,13.71,0,0,0.0
Mobile,Shopping Site,2,17,12.64,7.1,0,0,0.0
Mobile,Referral,1,23,53.82,5.02,0,0,0.0
Mobile,Search,5,18,56.46,11.53,0,0,0.0
Mobile,Search,7,24,47.27,0.44,0,0,0.0
Mobile,Referral,2,2,55.43,6.59,0,0,0.0
Mobile,Social Media,2,3,19.76,5.46,0,0,0.0
Desktop,Email,2,29,16.37,5.21,0,0,0.0
Mobile,Social Media,1,28,24.29,5.19,0,0,0.0
Mobile,Referral,2,19,5.21,0.66,0,0,0.0
Mobile,Social Media,2,1,48.97,2.45,0,0,0.0
Mobile,Search,5,21,59.08,2.3,0,0,0.0
Mobile,Referral,0,21,49.79,14.83,0,0,0.0
Mobile,Referral,3,10,34.19,0.53,0,0,0.0
Mobile,Social Media,2,21,19.13,2.67,0,0,0.0
Mobile,Search,5,14,13.47,14.62,0,0,0.0
Mobile,Search,3,13,23.12,9.5,0,0,0.0
Mobile,Search,5,9,40.68,6.87,0,0,0.0
Mobile,Social Media,6,6,27.93,1.37,0,0,0.0
Mobile,Email,3,6,56.18,10.11,0,0,0.0
Mobile,Advertisement,5,19,51.54,2.24,0,0,0.0
Mobile,Search,2,21,7.94,10.13,0,0,0.0
Desktop,Search,0,10,9.63,14.69,0,0,0.0
Mobile,Search,6,23,41.22,8.07,1,0,0.0
Mobile,Search,5,3,15.38,3.37,0,0,0.0
Mobile,Search,3,18,47.88,9.45,0,0,0.0
Mobile,Referral,6,21,36.3,7.79,0,0,0.0
Mobile,Search,3,19,15.33,8.09,0,0,0.0
Mobile,Referral,1,5,29.76,7.28,0,0,0.0
Desktop,Email,0,25,25.55,10.17,0,0,0.0
Mobile,Referral,2,11,52.64,8.66,0,0,0.0
Mobile,Advertisement,2,10,3.87,14.81,0,0,0.0
Mobile,Social Media,4,17,53.96,12.42,0,0,0.0
Mobile,Shopping Site,5,4,39.82,4.12,0,0,0.0
Mobile,Email,1,26,44.78,10.94,0,0,0.0
Desktop,Email,4,21,2.15,3.37,0,0,0.0
Mobile,Advertisement,3,18,38.44,11.78,0,0,0.0
Desktop,Referral,2,28,36.13,2.38,0,0,0.0
Desktop,Email,3,18,33.16,7.21,0,0,0.0
Mobile,Internal,2,1,47.58,11.9,0,0,0.0
Mobile,Search,3,14,34.24,4.35,0,0,0.0
Mobile,Search,5,8,51.71,12.59,0,0,0.0
Mobile,Search,2,2,15.49,9.73,0,0,0.0
Mobile,Search,5,19,48.75,6.08,0,0,0.0
Mobile,Social Media,1,15,12.4,6.47,0,0,0.0
Mobile,Search,0,28,49.16,13.9,0,0,0.0
Mobile,Shopping Site,4,2,56.55,3.42,0,0,0.0
Desktop,Internal,6,4,21.47,10.46,0,0,0.0
Mobile,Search,4,1,32.73,10.67,0,0,0.0
Desktop,Social Media,3,19,40.18,13.85,0,0,0.0
Mobile,Search,5,21,6.61,10.75,0,0,0.0
Mobile,Search,2,10,30.66,8.85,0,0,0.0
Mobile,Search,2,1,22.91,13.56,0,0,0.0
Mobile,Search,2,20,52.6,12.47,0,0,0.0
Desktop,Social Media,4,22,52.85,10.81,0,0,0.0
Mobile,Internal,3,15,42.65,0.68,0,0,0.0
Desktop,Email,5,4,40.03,5.73,0,0,0.0
Mobile,Social Media,2,7,44.55,9.55,0,0,0.0
Mobile,Search,2,7,23.23,7.93,0,0,0.0
Mobile,Search,3,22,25.46,4.93,0,0,0.0
Desktop,Search,3,25,34.11,2.34,0,0,0.0
Desktop,Social Media,4,18,56.41,8.38,0,0,0.0
Mobile,Referral,1,13,43.99,4.43,0,0,0.0
Mobile,Social Media,0,10,33.96,3.65,0,0,0.0
Mobile,Referral,1,24,46.68,6.1,0,0,0.0
Mobile,Search,4,8,23.51,11.83,0,0,0.0
Desktop,Internal,3,27,44.37,7.42,0,0,0.0
Desktop,Referral,4,10,25.82,3.4,0,0,0.0
Mobile,Advertisement,1,14,18.22,1.93,1,0,0.0
Mobile,Search,5,14,37.36,7.59,0,0,0.0
Mobile,Search,3,27,41.84,11.96,0,0,0.0
Mobile,Internal,4,20,28.64,9.86,0,0,0.0
Desktop,Referral,4,22,34.8,3.64,0,0,0.0
Mobile,Social Media,4,11,42.26,6.66,0,0,0.0
Desktop,Internal,1,6,46.53,12.86,0,0,0.0
Mobile,Search,4,21,53.94,2.83,1,0,0.0
Desktop,Search,3,1,22.56,8.07,0,0,0.0
Mobile,Social Media,2,19,57.19,5.47,0,0,0.0
Mobile,Referral,5,7,38.96,2.04,0,0,0.0
Desktop,Search,4,24,47.69,0.94,0,0,0.0
Mobile,Email,3,18,42.59,8.43,0,0,0.0
Mobile,Search,4,3,13.92,0.51,0,0,0.0
Desktop,Referral,4,20,6.14,1.73,0,0,0.0
Desktop,Email,3,11,44.12,5.34,0,0,0.0
Mobile,Advertisement,1,5,31.64,0.84,0,0,0.0
Mobile,Email,2,19,42.73,6.13,1,0,0.0
Mobile,Search,0,21,29.66,2.13,0,0,0.0
Mobile,Social Media,4,24,20.11,5.38,0,0,0.0
Mobile,Advertisement,1,24,18.53,11.91,0,0,0.0
Mobile,Advertisement,5,2,44.37,9.47,0,0,0.0
Mobile,Social Media,1,22,18.05,6.79,1,0,0.0
Mobile,Referral,4,4,43.45,1.56,0,0,0.0
Mobile,Advertisement,1,25,24.27,9.36,0,0,0.0
Mobile,Search,6,10,46.71,2.62,0,0,0.0
Mobile,Email,4,2,10.28,1.33,0,0,0.0
Mobile,Shopping Site,1,8,13.89,10.03,0,0,0.0
Mobile,Search,3,1,41.78,13.7,0,0,0.0
Mobile,Referral,3,27,34.49,7.02,0,0,0.0
Desktop,Search,4,6,13.82,0.81,0,1,161.8
Mobile,Internal,2,11,54.36,13.23,0,0,0.0
Mobile,Search,4,27,18.0,1.19,1,0,0.0
Mobile,Search,3,28,26.42,13.04,1,0,0.0
Mobile,Search,3,10,13.73,6.0,0,0,0.0
Mobile,Search,2,13,24.51,5.61,0,0,0.0
Mobile,Shopping Site,4,1,30.52,8.23,0,0,0.0
Mobile,Search,3,2,19.12,14.36,0,0,0.0
Mobile,Social Media,1,3,46.61,13.5,1,0,0.0
Mobile,Social Media,1,9,24.85,7.16,0,0,0.0
Desktop,Internal,2,5,44.31,10.5,0,0,0.0
Mobile,Email,2,10,14.01,8.79,0,0,0.0
Mobile,Referral,1,10,23.87,10.46,0,0,0.0
Mobile,Email,6,12,2.47,12.47,0,0,0.0
Desktop,Email,2,18,46.0,0.71,0,0,0.0
Mobile,Search,5,26,38.3,5.02,0,0,0.0
Mobile,Search,7,21,49.43,14.4,0,0,0.0
Desktop,Social Media,5,21,28.43,14.25,0,0,0.0
Desktop,Internal,4,1,48.38,0.37,0,0,0.0
Desktop,Shopping Site,3,3,39.56,3.18,0,0,0.0
Mobile,Referral,4,5,2.21,14.91,0,0,0.0
Mobile,Referral,1,25,16.71,7.49,0,0,0.0
Mobile,Internal,2,26,30.65,8.68,0,0,0.0
Mobile,Shopping Site,4,17,37.88,2.66,0,0,0.0
Mobile,Search,1,8,5.8,13.44,0,0,0.0
Mobile,Email,4,17,42.89,3.62,1,0,0.0
Desktop,Internal,6,9,33.53,3.01,0,1,145.79
Mobile,Email,3,6,32.5,3.58,1,0,0.0
Mobile,Referral,1,17,18.94,13.81,0,0,0.0
Mobile,Social Media,2,8,36.5,10.6,0,0,0.0
Mobile,Search,4,21,3.59,11.58,0,0,0.0
Mobile,Email,3,7,5.75,5.78,0,0,0.0
Mobile,Social Media,1,7,44.56,13.66,0,0,0.0
Mobile,Search,7,15,20.67,11.88,0,0,0.0
Mobile,Search,2,7,22.12,11.31,0,0,0.0
Mobile,Search,5,22,14.09,14.57,0,0,0.0
Mobile,Email,6,27,27.85,5.62,1,0,0.0
Desktop,Search,1,8,5.02,9.24,0,0,0.0
Mobile,Referral,0,9,19.42,13.67,1,0,0.0
Mobile,Social Media,2,28,32.57,11.91,0,0,0.0
Desktop,Advertisement,3,15,29.01,8.54,0,0,0.0
Mobile,Email,5,2,59.98,1.33,0,0,0.0
Desktop,Email,0,7,24.55,9.86,1,0,0.0
Mobile,Referral,0,15,24.45,7.99,0,0,0.0
Desktop,Search,3,18,31.21,2.93,0,0,0.0
Mobile,Search,4,22,13.04,13.26,0,0,0.0
Desktop,Search,3,18,52.83,5.28,0,0,0.0
Mobile,Email,4,10,35.19,5.93,0,0,0.0
Desktop,Search,3,22,13.14,10.15,0,0,0.0
Mobile,Referral,5,18,48.02,7.43,0,0,0.0
Mobile,Search,6,1,3.99,1.52,0,0,0.0
Desktop,Referral,3,7,58.99,5.93,1,0,0.0
Mobile,Search,4,3,52.18,1.6,0,1,125.78
Mobile,Shopping Site,1,14,35.62,3.02,0,0,0.0
Mobile,Search,3,12,8.46,0.31,1,0,0.0
Mobile,Search,3,14,14.49,2.88,0,0,0.0
Mobile,Referral,2,29,18.21,5.09,0,0,0.0
Mobile,Email,4,4,15.98,8.17,0,0,0.0
Desktop,Search,3,13,30.86,13.81,0,0,0.0
Mobile,Email,5,16,56.78,8.2,0,0,0.0
Mobile,Search,3,16,27.76,10.64,0,0,0.0
Desktop,Email,3,22,40.37,5.49,0,0,0.0
Desktop,Social Media,2,5,41.94,11.32,0,0,0.0
Mobile,Shopping Site,0,20,52.55,9.38,0,0,0.0
Mobile,Referral,4,25,3.96,7.0,0,0,0.0
Mobile,Search,3,6,25.45,3.07,0,0,0.0
Mobile,Social Media,2,6,47.51,4.69,0,0,0.0
Mobile,Email,4,18,49.26,9.39,0,0,0.0
Mobile,Email,6,6,55.79,6.51,0,0,0.0
Mobile,Email,4,7,42.76,13.36,0,1,153.19
Mobile,Search,4,24,16.22,3.68,1,0,0.0
Desktop,Search,2,24,31.33,1.28,0,0,0.0
Desktop,Social Media,1,16,3.88,8.92,0,0,0.0
Mobile,Search,1,9,39.52,13.31,0,0,0.0
Mobile,Search,1,26,34.15,5.6,0,0,0.0
Mobile,Email,4,27,40.68,9.79,0,0,0.0
Desktop,Search,3,13,55.95,3.62,0,0,0.0
Mobile,Referral,4,12,41.86,8.47,0,0,0.0
Mobile,Referral,4,19,20.59,11.84,0,0,0.0
Desktop,Search,2,26,13.53,13.03,0,0,0.0
Desktop,Social Media,6,23,51.57,1.76,1,0,0.0
Desktop,Search,3,23,13.27,5.47,0,0,0.0
Mobile,Search,1,1,11.37,9.67,0,0,0.0
Mobile,Referral,3,8,13.98,0.71,0,0,0.0
Mobile,Search,2,4,31.51,10.42,0,0,0.0
Desktop,Social Media,2,21,9.2,8.01,0,0,0.0
Desktop,Email,3,22,56.41,4.47,0,0,0.0
Mobile,Search,3,19,58.04,12.26,0,0,0.0
Mobile,Search,3,21,58.48,4.49,0,0,0.0
Mobile,Advertisement,3,26,4.27,14.87,0,0,0.0
Desktop,Email,6,5,56.88,12.28,0,0,0.0
Desktop,Search,6,17,59.85,10.68,0,0,0.0
Mobile,Search,3,3,56.66,1.11,0,0,0.0
Mobile,Search,3,19,40.91,13.58,0,0,0.0
Mobile,Referral,3,1,42.67,11.89,0,0,0.0
Desktop,Shopping Site,2,29,9.09,3.59,0,0,0.0
Desktop,Social Media,3,23,52.71,6.01,0,0,0.0
Desktop,Search,3,1,5.46,4.18,1,0,0.0
Mobile,Shopping Site,3,23,20.43,14.77,1,0,0.0
Mobile,Referral,1,20,59.49,12.84,0,0,0.0
Mobile,Search,4,9,26.5,13.97,0,0,0.0
Mobile,Advertisement,1,23,9.61,11.87,0,0,0.0
Desktop,Search,4,5,58.22,6.95,0,1,164.81
Desktop,Search,2,7,59.08,3.24,0,0,0.0
Desktop,Search,2,25,12.85,3.28,0,0,0.0
Desktop,Shopping Site,5,26,52.16,2.44,0,0,0.0
Mobile,Advertisement,4,6,24.64,8.29,0,0,0.0
Mobile,Search,1,17,24.12,13.82,1,0,0.0
Desktop,Search,1,22,17.24,14.88,0,0,0.0
Desktop,Search,5,17,4.59,4.45,0,0,0.0
Mobile,Referral,3,13,17.54,10.52,0,0,0.0
Mobile,Search,1,12,5.12,9.04,0,0,0.0
Mobile,Search,1,4,55.61,7.44,0,0,0.0
Desktop,Search,5,8,40.38,10.05,0,0,0.0
Mobile,Search,4,5,53.42,5.7,0,0,0.0
Mobile,Search,4,5,43.6,14.18,0,0,0.0
Mobile,Search,1,13,9.61,10.64,0,0,0.0
Mobile,Referral,0,26,56.55,11.36,0,0,0.0
Mobile,Email,4,11,54.19,3.79,0,0,0.0
Mobile,Referral,2,8,22.19,2.7,0,0,0.0
Mobile,Social Media,4,8,8.47,6.04,0,0,0.0
Mobile,Social Media,1,1,42.84,11.55,0,0,0.0
Mobile,Referral,1,13,44.24,14.09,0,0,0.0
Mobile,Internal,4,29,54.02,6.52,0,0,0.0
Desktop,Referral,2,5,5.05,11.66,0,0,0.0
Mobile,Search,1,28,10.22,7.16,0,0,0.0
Mobile,Search,1,21,36.7,4.57,0,0,0.0
Desktop,Referral,3,8,37.91,11.14,0,1,146.48
Mobile,Search,4,17,3.95,12.01,0,0,0.0
Mobile,Email,2,23,25.02,3.2,0,0,0.0
Mobile,Shopping Site,2,23,35.88,4.72,0,0,0.0
Mobile,Referral,4,13,44.8,7.52,1,0,0.0
Mobile,Email,3,9,20.34,2.96,1,0,0.0
Mobile,Search,1,2,30.07,13.95,0,0,0.0
Mobile,Search,1,19,49.22,8.95,0,0,0.0
Mobile,Referral,3,20,57.33,1.99,1,0,0.0
Mobile,Referral,2,17,15.36,2.92,0,0,0.0
Mobile,Social Media,3,7,16.68,14.32,0,0,0.0
Mobile,Shopping Site,2,26,56.51,11.12,0,0,0.0
Mobile,Referral,6,3,24.96,11.07,1,0,0.0
Mobile,Shopping Site,7,19,43.66,1.27,1,0,0.0
Desktop,Search,4,19,37.51,13.45,0,0,0.0
Mobile,Search,2,24,18.56,6.77,0,0,0.0
Mobile,Social Media,2,9,39.91,9.96,0,0,0.0
Mobile,Search,0,10,40.02,14.4,0,0,0.0
Mobile,Internal,5,29,36.36,1.68,0,0,0.0
Mobile,Email,2,14,7.78,7.34,0,0,0.0
Desktop,Referral,4,18,59.72,0.93,0,0,0.0
Desktop,Search,4,26,25.22,7.59,1,0,0.0
Mobile,Search,4,15,39.02,3.93,0,0,0.0
Desktop,Search,5,26,53.37,13.68,0,0,0.0
Mobile,Social Media,3,1,26.55,6.1,0,0,0.0
Mobile,Search,3,25,46.89,9.58,1,0,0.0
Mobile,Referral,5,6,58.37,12.93,0,0,0.0
Desktop,Search,4,15,22.82,14.76,0,0,0.0
Mobile,Email,3,25,25.51,7.66,1,0,0.0
Mobile,Social Media,4,6,54.52,6.95,0,0,0.0
Mobile,Email,3,18,11.26,1.32,1,0,0.0
Mobile,Search,3,1,3.66,0.39,1,0,0.0
Mobile,Referral,4,24,54.72,9.21,1,0,0.0
Mobile,Search,3,3,49.65,1.17,0,0,0.0
Mobile,Referral,1,17,58.41,5.83,1,0,0.0
Mobile,Search,3,16,5.38,0.25,0,0,0.0
Mobile,Search,2,8,11.06,9.31,0,0,0.0
Mobile,Search,2,28,8.11,6.5,0,0,0.0
Mobile,Email,4,17,41.64,2.08,0,0,0.0
Mobile,Email,4,8,37.15,4.59,0,0,0.0
Desktop,Referral,1,17,22.84,8.63,0,0,0.0
Mobile,Search,7,25,5.33,9.92,0,0,0.0
Mobile,Shopping Site,3,9,39.1,7.04,0,0,0.0
Mobile,Email,2,12,35.07,12.1,0,0,0.0
Mobile,Shopping Site,6,29,8.55,1.86,0,0,0.0
Mobile,Referral,0,25,54.72,1.45,0,0,0.0
Mobile,Search,6,19,13.54,0.85,0,0,0.0
Mobile,Referral,3,4,45.12,8.13,0,0,0.0
Mobile,Search,3,21,53.33,10.65,0,0,0.0
Mobile,Internal,5,22,35.61,2.13,0,1,173.24
Mobile,Advertisement,5,25,16.32,9.66,1,0,0.0
Mobile,Email,2,29,19.94,7.26,0,0,0.0
Mobile,Advertisement,4,11,53.37,14.81,0,0,0.0
Mobile,Shopping Site,3,28,19.3,10.82,0,0,0.0
Mobile,Search,6,4,45.28,9.93,0,0,0.0
Mobile,Referral,1,14,59.43,8.64,0,0,0.0
Mobile,Search,3,14,59.99,14.96,0,0,0.0
Mobile,Advertisement,5,6,32.94,14.71,0,0,0.0
Mobile,Referral,3,29,49.94,8.16,0,0,0.0
Mobile,Search,2,17,59.43,6.94,0,0,0.0
Desktop,Internal,0,2,23.73,7.04,0,0,0.0
Desktop,Referral,1,8,16.64,6.54,0,0,0.0
Mobile,Social Media,4,4,8.63,8.06,0,0,0.0
Mobile,Shopping Site,6,10,10.17,4.25,0,0,0.0
Desktop,Search,2,7,51.51,13.92,1,0,0.0
Mobile,Internal,4,4,36.15,7.46,1,0,0.0
Mobile,Search,1,16,52.68,12.66,0,0,0.0
Mobile,Search,1,14,47.79,7.23,0,0,0.0
Mobile,Social Media,9,16,41.08,10.83,0,0,0.0
Mobile,Search,2,25,37.34,5.19,1,0,0.0
Mobile,Social Media,2,9,4.8,9.45,0,0,0.0
Mobile,Search,3,4,52.59,7.58,0,0,0.0
Mobile,Referral,4,29,26.23,5.63,0,0,0.0
Mobile,Search,2,24,34.47,13.25,0,0,0.0
Mobile,Email,1,6,3.27,1.87,0,1,67.75
Mobile,Social Media,2,1,56.29,7.41,0,0,0.0
Mobile,Search,1,7,54.36,3.08,0,0,0.0
Desktop,Search,0,1,33.51,12.94,0,0,0.0
Mobile,Advertisement,3,19,35.48,3.95,0,0,0.0
Mobile,Referral,2,8,42.89,9.57,0,0,0.0
Mobile,Search,6,25,17.35,2.65,0,1,6.38
Mobile,Search,2,3,14.87,6.19,1,0,0.0
Mobile,Search,2,1,41.09,13.51,0,0,0.0
Mobile,Search,2,1,8.06,2.66,0,0,0.0
Mobile,Search,6,7,28.34,10.02,0,0,0.0
Mobile,Search,1,21,30.58,3.23,0,0,0.0
Mobile,Shopping Site,4,13,24.12,6.35,0,0,0.0
Mobile,Referral,4,1,12.75,8.2,0,0,0.0
Mobile,Search,2,16,22.61,8.74,0,0,0.0
Mobile,Search,3,22,21.58,9.12,1,0,0.0
Mobile,Advertisement,0,22,30.96,9.67,0,0,0.0
Desktop,Social Media,3,14,41.13,4.22,0,0,0.0
Mobile,Search,4,4,58.16,6.14,0,0,0.0
Mobile,Email,2,23,10.36,0.75,0,0,0.0
Mobile,Social Media,4,23,52.63,11.58,0,0,0.0
Mobile,Email,0,12,18.48,12.59,0,1,16.58
Mobile,Referral,2,25,36.3,3.15,0,0,0.0
Mobile,Social Media,4,12,33.71,3.18,0,0,0.0
Mobile,Social Media,4,17,34.3,0.82,1,0,0.0
Mobile,Referral,2,21,43.95,14.56,0,0,0.0
Mobile,Search,3,15,24.14,12.15,0,0,0.0
Mobile,Social Media,4,10,20.51,5.54,0,0,0.0
Mobile,Search,4,3,51.46,7.33,0,0,0.0
Mobile,Search,3,23,14.77,4.52,1,0,0.0
Mobile,Referral,3,20,12.45,9.04,0,0,0.0
Mobile,Search,3,20,2.91,10.82,1,0,0.0
Mobile,Email,2,29,14.21,6.82,0,0,0.0
Desktop,Search,3,12,32.07,13.13,1,0,0.0
Mobile,Referral,4,1,33.23,7.85,0,0,0.0
Mobile,Search,5,1,16.76,2.33,1,0,0.0
Mobile,Search,5,10,6.19,9.41,0,0,0.0
Mobile,Shopping Site,1,18,45.19,7.04,0,0,0.0
Mobile,Referral,5,15,45.96,14.05,0,0,0.0
Mobile,Search,4,2,59.87,6.0,0,0,0.0
Mobile,Search,2,17,54.2,6.16,0,0,0.0
Mobile,Internal,2,8,55.71,9.83,0,0,0.0
Mobile,Search,1,22,48.3,8.0,1,0,0.0
Desktop,Social Media,3,22,37.7,5.74,0,0,0.0
Mobile,Search,5,26,9.46,14.85,0,0,0.0
Mobile,Referral,1,26,38.09,4.67,1,0,0.0
Mobile,Search,2,9,5.25,4.31,0,0,0.0
Desktop,Shopping Site,3,21,53.35,12.99,0,0,0.0
Mobile,Social Media,3,20,29.95,0.25,1,0,0.0
Mobile,Referral,3,11,42.45,3.18,0,0,0.0
Desktop,Referral,3,6,5.03,8.94,0,0,0.0
Desktop,Email,5,24,32.99,2.6,0,0,0.0
Desktop,Shopping Site,4,14,19.47,14.79,1,0,0.0
Mobile,Search,3,1,18.53,7.07,1,0,0.0
Mobile,Advertisement,5,7,24.6,9.04,1,0,0.0
Mobile,Social Media,4,24,2.04,2.57,0,0,0.0
Desktop,Internal,1,9,29.07,4.48,0,0,0.0
Mobile,Advertisement,3,11,30.22,9.3,0,0,0.0
Mobile,Referral,3,24,52.06,8.33,0,1,36.84
Mobile,Social Media,1,23,28.01,11.81,0,0,0.0
Mobile,Email,5,16,23.09,4.18,0,0,0.0
Mobile,Social Media,3,19,59.7,9.87,1,1,152.77
Mobile,Email,2,2,35.13,4.51,0,0,0.0
Mobile,Email,3,15,29.41,8.88,0,0,0.0
Mobile,Advertisement,3,3,30.76,9.15,1,1,20.52
Mobile,Email,3,4,48.93,2.0,1,0,0.0
Mobile,Search,1,20,21.76,8.32,0,0,0.0
Mobile,Email,5,22,24.57,0.38,0,0,0.0
Mobile,Search,1,28,45.84,7.62,0,0,0.0
Mobile,Internal,4,7,6.23,10.52,0,0,0.0
Mobile,Search,2,12,52.18,1.28,0,0,0.0
Mobile,Search,3,4,26.95,14.09,0,0,0.0
Mobile,Email,4,10,35.71,6.99,1,0,0.0
Mobile,Search,3,6,45.93,14.09,0,0,0.0
Mobile,Referral,8,25,17.43,1.79,0,0,0.0
Mobile,Advertisement,2,22,53.64,14.26,0,0,0.0
Mobile,Search,2,14,58.8,1.82,0,0,0.0
Desktop,Search,1,3,30.67,7.03,0,0,0.0
Mobile,Referral,1,17,56.34,14.08,0,0,0.0
Desktop,Shopping Site,5,11,2.07,3.64,1,0,0.0
Mobile,Advertisement,2,10,53.87,0.71,0,0,0.0
Mobile,Shopping Site,0,26,20.04,11.94,0,0,0.0
Mobile,Search,2,29,20.07,9.02,0,1,195.0
Mobile,Email,5,21,15.23,7.81,0,0,0.0
Mobile,Internal,4,10,20.39,0.71,0,0,0.0
Mobile,Social Media,4,10,14.38,9.87,0,0,0.0
Mobile,Advertisement,4,3,54.54,2.74,1,0,0.0
Desktop,Shopping Site,4,24,54.14,13.98,0,0,0.0
Desktop,Search,1,26,7.93,10.35,0,0,0.0
Desktop,Search,3,15,10.29,10.66,0,0,0.0
Mobile,Search,1,17,52.0,3.64,0,0,0.0
Mobile,Advertisement,4,27,25.14,13.24,0,0,0.0
Desktop,Search,4,18,11.82,8.16,0,0,0.0
Mobile,Search,3,19,31.62,12.88,0,0,0.0
Mobile,Search,3,19,26.17,4.21,0,0,0.0
Mobile,Email,3,12,14.71,11.38,1,0,0.0
Mobile,Social Media,4,24,43.8,8.7,0,0,0.0
Desktop,Internal,2,5,38.61,0.92,0,0,0.0
Mobile,Referral,3,24,7.78,6.2,0,0,0.0
Mobile,Referral,4,27,55.67,2.92,0,0,0.0
Mobile,Referral,5,16,34.39,5.52,0,0,0.0
Mobile,Email,2,15,16.51,5.87,0,0,0.0
Mobile,Search,2,15,13.96,7.23,0,0,0.0
Desktop,Email,1,27,9.88,9.08,0,0,0.0
Mobile,Referral,2,6,26.63,8.65,0,0,0.0
Mobile,Search,4,12,9.86,0.78,0,0,0.0
Mobile,Search,2,2,26.12,11.31,0,0,0.0
Desktop,Search,2,27,10.63,14.25,0,0,0.0
Mobile,Search,4,20,40.09,5.36,0,0,0.0
Desktop,Email,3,9,47.54,2.86,0,0,0.0
Mobile,Search,4,4,33.87,8.19,0,0,0.0
Mobile,Referral,1,5,41.44,10.63,0,0,0.0
Mobile,Social Media,3,21,56.43,10.25,0,0,0.0
Mobile,Referral,6,26,39.03,9.26,1,0,0.0
Mobile,Referral,3,8,23.12,2.36,1,0,0.0
Mobile,Referral,1,22,28.07,12.59,0,0,0.0
Mobile,Search,3,10,51.91,6.5,0,0,0.0
Desktop,Search,6,7,9.58,3.48,0,0,0.0
Mobile,Email,4,22,20.89,1.48,0,1,111.86
Mobile,Referral,4,14,35.48,6.37,1,0,0.0
Desktop,Search,1,5,41.23,9.35,1,0,0.0
Mobile,Search,5,16,46.28,10.05,0,0,0.0
Mobile,Social Media,0,15,20.46,14.45,0,0,0.0
Desktop,Search,5,5,10.46,2.47,0,0,0.0
Mobile,Shopping Site,2,3,57.38,14.79,0,0,0.0
Mobile,Internal,0,23,6.43,9.89,0,0,0.0
Mobile,Search,3,29,7.56,6.92,0,0,0.0
Mobile,Shopping Site,6,10,30.71,13.35,0,0,0.0
Mobile,Email,3,5,49.52,10.48,0,0,0.0
Mobile,Search,2,23,46.92,5.36,0,0,0.0
Desktop,Search,2,15,56.39,13.28,0,0,0.0
Mobile,Referral,2,18,10.21,10.07,0,0,0.0
Mobile,Referral,3,25,23.79,10.54,0,0,0.0
Mobile,Advertisement,7,8,18.36,13.47,0,0,0.0
Mobile,Search,0,21,51.93,6.84,0,0,0.0
Mobile,Social Media,3,2,30.32,9.92,1,0,0.0
Mobile,Referral,3,22,3.56,11.22,0,0,0.0
Mobile,Search,4,8,43.06,6.92,1,0,0.0
Mobile,Email,3,23,24.54,1.44,0,0,0.0
Desktop,Referral,3,8,32.81,11.62,0,0,0.0
Mobile,Email,3,4,53.84,0.91,0,0,0.0
Desktop,Search,3,19,16.89,10.83,0,0,0.0
Mobile,Referral,7,23,15.94,13.68,0,0,0.0
Desktop,Shopping Site,2,18,17.27,5.34,0,0,0.0
Mobile,Search,2,21,21.61,1.71,0,0,0.0
Mobile,Email,3,29,8.23,3.65,0,0,0.0
Mobile,Email,3,23,42.44,8.52,0,0,0.0
Mobile,Social Media,4,1,14.03,14.15,0,0,0.0
Mobile,Advertisement,2,20,55.72,7.78,0,0,0.0
Mobile,Referral,3,15,14.51,1.87,0,0,0.0
Mobile,Social Media,3,18,16.83,9.49,0,0,0.0
Mobile,Referral,3,22,19.23,11.05,1,0,0.0
Mobile,Advertisement,2,12,46.58,6.02,0,0,0.0
Mobile,Search,3,1,26.8,10.88,0,0,0.0
Mobile,Search,1,7,49.52,5.01,0,0,0.0
Mobile,Search,5,19,47.52,11.88,1,0,0.0
Mobile,Search,4,28,55.91,5.25,0,0,0.0
Desktop,Referral,3,1,45.88,3.99,0,0,0.0
Mobile,Search,4,24,5.01,13.21,0,0,0.0
Mobile,Referral,3,7,50.56,8.32,1,0,0.0
Mobile,Search,3,2,56.41,4.42,0,0,0.0
Desktop,Search,4,7,59.63,14.04,1,0,0.0
Mobile,Search,3,19,9.27,10.42,0,0,0.0
Mobile,Search,4,13,37.57,3.47,0,0,0.0
Mobile,Email,2,25,13.57,9.3,0,0,0.0
Mobile,Shopping Site,5,24,17.23,13.08,0,0,0.0
Mobile,Social Media,4,5,45.24,10.5,1,0,0.0
Desktop,Email,2,23,58.7,3.82,0,0,0.0
Desktop,Referral,3,19,36.5,9.8,0,0,0.0
Mobile,Search,4,1,51.33,9.36,0,0,0.0
Mobile,Search,4,1,2.52,12.35,0,0,0.0
Desktop,Referral,4,27,4.12,2.84,0,0,0.0
Mobile,Search,5,18,36.61,10.55,0,0,0.0
Mobile,Search,2,24,24.56,0.61,0,0,0.0
Mobile,Search,3,1,53.61,10.5,0,0,0.0
Mobile,Search,3,27,19.51,14.41,0,0,0.0
Mobile,Email,3,28,27.06,2.78,0,0,0.0
Mobile,Search,2,5,32.62,4.81,0,0,0.0
Desktop,Search,3,9,17.84,8.83,0,1,152.14
Desktop,Referral,2,12,54.69,11.04,1,0,0.0
Mobile,Email,6,9,28.94,5.3,0,0,0.0
Mobile,Search,4,18,26.6,10.03,1,0,0.0
Desktop,Referral,2,23,51.29,13.51,0,0,0.0
Desktop,Search,1,11,20.09,10.95,0,0,0.0
Mobile,Search,4,1,49.41,10.72,0,0,0.0
Desktop,Referral,4,19,9.09,5.85,0,0,0.0
Desktop,Email,2,22,12.6,13.69,0,0,0.0
Mobile,Search,6,25,57.15,4.3,0,0,0.0
Mobile,Email,3,10,50.86,3.24,0,0,0.0
Mobile,Advertisement,0,2,24.5,5.59,0,0,0.0
Mobile,Advertisement,3,7,39.03,9.82,0,0,0.0
Mobile,Social Media,1,20,56.69,12.95,0,0,0.0
Desktop,Search,2,2,14.29,2.15,0,0,0.0
Mobile,Referral,3,19,5.42,12.24,0,0,0.0
Mobile,Search,2,6,33.17,12.23,0,0,0.0
Mobile,Referral,3,10,10.27,8.89,1,0,0.0
Mobile,Internal,3,9,12.86,11.46,1,0,0.0
Desktop,Search,2,8,53.71,2.89,0,0,0.0
Mobile,Search,5,26,2.43,2.71,0,0,0.0
Mobile,Referral,1,11,49.38,12.97,0,0,0.0
Mobile,Social Media,3,9,31.98,7.57,0,0,0.0
Mobile,Advertisement,3,20,34.44,3.84,0,0,0.0
Mobile,Email,3,28,40.96,10.39,1,0,0.0
Mobile,Search,4,20,27.02,13.4,0,0,0.0
Mobile,Referral,4,9,8.71,9.56,0,0,0.0
Mobile,Shopping Site,1,8,7.96,5.34,0,0,0.0
Mobile,Social Media,4,28,45.75,7.35,0,0,0.0
Mobile,Search,2,15,14.82,11.33,0,0,0.0
Desktop,Search,1,2,3.63,1.2,0,0,0.0
Mobile,Advertisement,3,24,58.82,3.41,0,0,0.0
Mobile,Search,4,1,58.86,7.05,0,0,0.0
Mobile,Social Media,0,9,23.93,9.14,1,0,0.0
Mobile,Social Media,4,9,3.48,5.22,1,0,0.0
Mobile,Search,3,13,44.18,4.62,0,0,0.0
Mobile,Search,4,8,50.2,0.81,0,0,0.0
Desktop,Search,0,27,9.25,0.68,0,0,0.0
Mobile,Email,2,21,9.86,4.32,0,0,0.0
Mobile,Social Media,6,5,49.69,8.05,1,0,0.0
Mobile,Search,4,29,55.47,8.43,0,0,0.0
Desktop,Shopping Site,4,3,47.86,7.51,0,0,0.0
Mobile,Email,2,21,13.64,6.27,0,0,0.0
Mobile,Social Media,1,4,25.87,3.93,0,0,0.0
Mobile,Search,2,17,36.85,6.13,1,0,0.0
Mobile,Referral,3,16,11.3,2.25,0,0,0.0
Mobile,Referral,2,16,14.21,1.91,0,0,0.0
Desktop,Search,4,25,18.41,4.64,0,0,0.0
Mobile,Referral,3,26,31.55,14.93,0,0,0.0
Mobile,Email,3,20,31.63,5.03,0,0,0.0
Mobile,Referral,1,3,49.23,14.06,1,0,0.0
Mobile,Advertisement,3,6,45.67,6.01,0,0,0.0
Mobile,Advertisement,4,1,55.0,6.7,1,0,0.0
Mobile,Referral,3,21,50.31,12.0,1,0,0.0
Mobile,Search,2,16,16.72,1.59,0,0,0.0
Mobile,Shopping Site,2,15,21.22,2.9,0,0,0.0
Mobile,Search,4,7,31.02,14.61,1,0,0.0
Mobile,Email,1,2,2.83,7.69,0,0,0.0
Mobile,Social Media,4,10,54.43,0.86,0,0,0.0
Mobile,Email,1,25,4.57,0.9,0,0,0.0
Mobile,Email,2,28,20.7,13.63,0,0,0.0
Mobile,Search,1,15,35.01,13.13,0,0,0.0
Desktop,Shopping Site,1,6,32.03,6.98,0,0,0.0
Desktop,Social Media,2,2,39.96,2.62,0,0,0.0
Mobile,Search,4,24,32.6,12.49,0,0,0.0
Mobile,Search,3,24,15.28,5.0,0,0,0.0
Mobile,Search,4,17,13.66,6.4,0,0,0.0
Mobile,Social Media,2,28,54.62,10.3,0,0,0.0
Mobile,Search,3,1,17.31,5.43,0,0,0.0
Mobile,Email,5,1,18.3,9.5,0,0,0.0
Mobile,Email,5,28,25.95,13.3,0,0,0.0
Mobile,Referral,3,4,10.09,12.0,0,0,0.0
Mobile,Email,4,20,31.42,5.85,0,0,0.0
Mobile,Referral,4,16,40.57,4.46,1,0,0.0
Mobile,Internal,3,8,47.59,4.43,0,0,0.0
Mobile,Search,2,1,43.26,5.36,0,0,0.0
Mobile,Referral,3,26,10.56,7.5,0,0,0.0
Mobile,Referral,3,19,28.45,6.37,1,0,0.0
Mobile,Referral,5,11,4.24,2.17,0,0,0.0
Mobile,Search,3,17,3.03,2.62,0,0,0.0
Mobile,Email,2,25,27.53,5.28,0,0,0.0
Mobile,Social Media,4,10,16.67,8.52,0,0,0.0
Mobile,Search,4,12,41.63,8.97,0,0,0.0
Mobile,Search,1,9,44.01,7.4,0,0,0.0
Mobile,Internal,5,7,53.93,11.13,1,0,0.0
Desktop,Search,2,29,46.12,11.11,0,0,0.0
Desktop,Search,1,12,4.8,6.53,1,0,0.0
Mobile,Search,2,15,23.55,2.04,0,0,0.0
Mobile,Referral,5,8,17.84,8.05,0,0,0.0
Mobile,Search,4,17,24.4,5.85,1,0,0.0
Mobile,Email,5,5,11.28,2.24,0,0,0.0
Desktop,Shopping Site,4,14,7.67,14.73,0,0,0.0
Mobile,Social Media,1,2,32.22,5.67,0,0,0.0
Mobile,Advertisement,2,16,43.78,9.46,1,0,0.0
Mobile,Referral,1,29,42.71,7.45,0,0,0.0
Mobile,Search,4,17,28.15,2.31,0,0,0.0
Mobile,Advertisement,2,3,32.29,1.02,0,0,0.0
Mobile,Social Media,2,23,31.95,9.46,1,0,0.0
Mobile,Email,3,1,42.11,3.86,1,0,0.0
Desktop,Referral,4,27,4.78,3.81,0,0,0.0
Desktop,Search,2,18,43.17,14.36,0,0,0.0
Mobile,Referral,3,18,35.77,7.03,1,1,87.67
Mobile,Internal,4,4,13.49,0.64,0,0,0.0
Mobile,Internal,2,15,4.85,5.23,0,0,0.0
Mobile,Referral,3,28,8.29,8.85,0,0,0.0
Mobile,Advertisement,2,19,32.43,5.06,0,0,0.0
Mobile,Search,5,19,45.99,0.6,0,0,0.0
Mobile,Search,7,10,21.41,6.78,0,0,0.0
Mobile,Referral,4,5,23.99,1.77,0,0,0.0
Mobile,Search,2,19,56.18,9.36,1,0,0.0
Mobile,Search,0,11,14.35,9.37,0,0,0.0
Desktop,Search,3,7,8.02,0.76,0,0,0.0
Mobile,Social Media,3,5,21.92,4.5,1,0,0.0
Mobile,Internal,2,20,45.26,6.32,0,0,0.0
Desktop,Internal,1,12,38.31,8.34,0,0,0.0
Mobile,Search,7,19,26.12,4.58,0,0,0.0
Desktop,Search,4,15,57.96,4.46,0,0,0.0
Mobile,Referral,7,12,44.63,14.75,0,0,0.0
Mobile,Social Media,4,4,5.59,0.82,0,0,0.0
Mobile,Search,2,12,45.19,14.84,0,0,0.0
Mobile,Search,2,18,3.39,0.91,0,0,0.0
Mobile,Search,4,17,39.72,4.47,0,0,0.0
Mobile,Search,2,19,14.21,7.51,0,0,0.0
Mobile,Social Media,5,16,42.39,2.32,0,0,0.0
Mobile,Email,4,11,19.97,2.2,0,0,0.0
Desktop,Search,0,2,52.63,3.99,0,0,0.0
Desktop,Referral,0,16,21.54,14.61,0,0,0.0
Mobile,Email,4,1,37.94,5.83,0,0,0.0
Mobile,Search,2,17,18.58,8.58,0,0,0.0
Mobile,Referral,2,18,55.2,10.62,0,0,0.0
Mobile,Search,5,29,47.3,11.18,0,0,0.0
Desktop,Email,3,29,16.11,10.38,0,0,0.0
Mobile,Search,4,25,57.03,5.19,0,1,67.34
Mobile,Advertisement,0,29,22.72,1.85,0,0,0.0
Mobile,Shopping Site,2,13,39.81,4.37,0,0,0.0
Mobile,Search,3,5,45.09,3.31,1,0,0.0
Mobile,Shopping Site,3,25,3.33,2.22,0,0,0.0
Desktop,Search,2,24,57.62,0.56,0,0,0.0
Mobile,Search,3,29,21.98,14.05,1,0,0.0
Mobile,Referral,2,27,13.01,13.83,0,0,0.0
Mobile,Email,2,6,51.34,0.95,1,0,0.0
Desktop,Email,4,1,42.77,2.76,0,0,0.0
Desktop,Social Media,4,10,7.03,2.26,0,0,0.0
Mobile,Search,1,5,8.79,4.36,0,0,0.0
Mobile,Search,4,28,43.48,3.22,0,0,0.0
Mobile,Search,1,1,6.34,14.2,0,0,0.0
Mobile,Search,5,23,55.2,1.45,0,0,0.0
Desktop,Email,1,26,45.01,3.33,1,0,0.0
Mobile,Search,4,11,21.46,1.39,0,0,0.0
Mobile,Search,3,24,23.05,14.71,0,1,106.03
Mobile,Search,2,24,31.38,13.79,0,0,0.0
Mobile,Search,2,7,22.94,10.81,0,0,0.0
Mobile,Shopping Site,1,18,47.44,6.5,0,0,0.0
Mobile,Search,2,21,58.53,3.01,0,0,0.0
Mobile,Referral,1,20,35.9,3.48,0,0,0.0
Mobile,Internal,3,21,27.87,6.76,0,1,61.07
Mobile,Internal,1,10,14.92,11.57,0,0,0.0
Mobile,Search,1,25,39.9,4.12,0,0,0.0
Mobile,Search,2,15,41.76,4.8,1,0,0.0
Mobile,Search,5,4,41.74,9.08,0,0,0.0
Mobile,Search,6,16,3.57,3.72,0,0,0.0
Mobile,Email,2,15,54.15,8.85,0,0,0.0
Mobile,Search,3,15,21.61,5.93,0,0,0.0
Mobile,Email,5,12,45.16,0.71,0,0,0.0
Mobile,Social Media,5,8,46.07,6.16,0,0,0.0
Desktop,Referral,0,8,39.73,13.81,0,0,0.0
Mobile,Search,3,18,24.9,4.54,0,0,0.0
Mobile,Search,3,6,37.29,4.98,0,0,0.0
Mobile,Social Media,1,5,4.33,1.18,0,0,0.0
Mobile,Advertisement,1,2,46.19,9.3,0,0,0.0
Mobile,Search,0,12,7.78,12.77,0,0,0.0
Mobile,Advertisement,3,26,25.01,5.42,0,0,0.0
Mobile,Search,2,4,8.01,3.76,0,0,0.0
Mobile,Search,1,23,50.55,14.36,0,0,0.0
Mobile,Social Media,6,13,33.92,11.23,0,0,0.0
Mobile,Referral,0,17,42.08,8.59,0,0,0.0
Mobile,Search,1,16,41.59,4.72,0,0,0.0
Mobile,Search,3,9,50.81,3.47,0,0,0.0
Mobile,Email,2,26,9.69,10.79,0,0,0.0
Mobile,Search,2,28,40.26,7.92,0,0,0.0
Mobile,Referral,6,1,35.36,7.9,0,0,0.0
Mobile,Email,3,15,3.79,1.29,0,0,0.0
Mobile,Search,1,12,13.68,7.78,0,0,0.0
Desktop,Search,3,5,17.52,12.38,0,0,0.0
Mobile,Referral,4,23,6.21,14.21,0,0,0.0
Mobile,Search,0,24,22.57,1.78,0,0,0.0
Mobile,Email,2,18,3.58,9.54,1,0,0.0
Mobile,Social Media,1,20,34.08,8.61,0,1,86.1
Mobile,Referral,3,2,14.27,13.38,0,0,0.0
Mobile,Search,5,4,18.65,11.32,0,0,0.0
Desktop,Referral,4,15,54.81,14.49,0,1,16.18
Mobile,Internal,2,6,31.16,14.41,0,0,0.0
Desktop,Shopping Site,3,22,17.6,3.54,0,0,0.0
Mobile,Search,3,12,36.71,10.94,0,0,0.0
Mobile,Search,5,29,13.7,8.05,1,0,0.0
Mobile,Search,1,18,6.31,3.38,0,0,0.0
Desktop,Shopping Site,4,27,3.21,3.08,1,0,0.0
Mobile,Search,0,20,57.19,1.4,0,0,0.0
Desktop,Email,2,4,44.03,11.97,0,0,0.0
Mobile,Search,2,1,48.4,5.0,0,0,0.0
Mobile,Search,1,15,58.89,12.88,0,0,0.0
Desktop,Advertisement,4,18,56.03,9.2,0,0,0.0
Mobile,Search,5,14,44.74,10.17,0,0,0.0
Mobile,Referral,2,3,42.25,4.52,0,0,0.0
Mobile,Email,4,29,21.54,6.97,0,0,0.0
Desktop,Shopping Site,4,15,8.03,6.3,0,0,0.0
Desktop,Internal,2,27,35.28,3.69,0,0,0.0
Mobile,Social Media,2,5,35.42,12.52,1,0,0.0
Mobile,Search,3,27,57.23,9.41,0,0,0.0
Desktop,Internal,3,24,27.67,0.75,1,0,0.0
Mobile,Search,3,22,42.07,12.33,0,0,0.0
Mobile,Social Media,4,3,35.35,1.77,0,0,0.0
Desktop,Referral,5,22,12.25,6.17,0,0,0.0
Mobile,Search,4,7,36.34,8.65,0,0,0.0
Mobile,Shopping Site,4,6,33.33,0.31,1,0,0.0
Mobile,Social Media,2,26,30.65,9.86,0,0,0.0
Desktop,Search,2,22,31.78,9.96,1,0,0.0
Desktop,Internal,5,1,11.51,9.86,0,0,0.0
Desktop,Referral,2,19,28.88,2.62,0,0,0.0
Mobile,Social Media,1,7,37.13,3.98,0,0,0.0
Desktop,Search,2,4,30.39,3.86,0,0,0.0
Desktop,Search,4,12,30.34,14.41,0,0,0.0
Mobile,Search,2,20,6.5,1.2,0,0,0.0
Desktop,Search,4,23,13.06,6.55,0,0,0.0
Mobile,Referral,1,25,20.62,13.09,0,0,0.0
Mobile,Social Media,3,27,26.32,11.59,0,0,0.0
Mobile,Search,5,29,36.45,12.37,0,0,0.0
Mobile,Referral,4,29,52.07,14.59,1,0,0.0
Mobile,Shopping Site,1,18,11.23,5.93,0,0,0.0
Mobile,Shopping Site,2,9,2.88,4.78,0,0,0.0
Mobile,Social Media,2,19,28.06,0.65,0,0,0.0
Mobile,Search,7,22,27.06,2.42,0,0,0.0
Mobile,Referral,2,4,34.01,8.52,0,1,94.55
Mobile,Email,3,1,50.33,2.53,1,0,0.0
Mobile,Referral,3,9,48.54,11.1,1,0,0.0
Mobile,Search,6,27,7.8,0.75,1,0,0.0
Mobile,Referral,2,15,56.17,4.04,0,0,0.0
Mobile,Social Media,2,22,8.4,10.49,0,0,0.0
Desktop,Search,2,8,38.81,3.98,1,0,0.0
Mobile,Search,1,15,41.0,10.99,0,0,0.0
Mobile,Social Media,3,15,41.43,14.94,1,0,0.0
Mobile,Internal,5,18,17.39,12.0,0,0,0.0
Desktop,Social Media,4,7,21.16,5.26,0,0,0.0
Mobile,Shopping Site,4,22,33.82,13.53,0,1,159.43
Desktop,Referral,3,18,13.58,0.96,0,0,0.0
Mobile,Email,2,16,3.18,10.93,0,0,0.0
Desktop,Shopping Site,4,2,34.6,0.55,0,0,0.0
Mobile,Shopping Site,3,4,28.99,2.78,0,0,0.0
Desktop,Search,3,20,40.09,14.82,0,1,121.34
Mobile,Search,1,16,10.51,5.54,0,0,0.0
Mobile,Search,4,3,50.77,12.34,0,0,0.0
Mobile,Referral,3,24,10.48,5.77,0,0,0.0
Mobile,Referral,1,23,53.7,12.63,0,0,0.0
Mobile,Search,1,2,28.07,14.49,0,0,0.0
Desktop,Shopping Site,1,3,33.89,6.65,1,0,0.0
Desktop,Referral,2,26,54.0,8.48,0,0,0.0
Mobile,Email,3,25,19.39,9.5,0,0,0.0
Mobile,Search,3,29,12.55,14.04,0,0,0.0
Mobile,Search,3,5,27.85,4.0,0,0,0.0
Mobile,Shopping Site,1,2,16.17,9.25,0,0,0.0
Mobile,Advertisement,3,19,32.61,5.01,1,0,0.0
Mobile,Search,2,24,17.96,3.41,0,0,0.0
Mobile,Shopping Site,1,20,52.14,1.46,0,0,0.0
Mobile,Search,1,2,37.22,9.39,0,0,0.0
Mobile,Search,1,2,2.01,13.25,1,0,0.0
Mobile,Search,4,22,48.72,5.4,0,0,0.0
Mobile,Internal,3,24,21.15,8.38,0,0,0.0
Mobile,Shopping Site,2,23,20.57,9.7,1,0,0.0
Desktop,Email,2,20,24.22,6.34,1,0,0.0
Mobile,Search,3,18,38.56,13.57,0,0,0.0
Mobile,Search,2,25,27.64,5.57,0,0,0.0
Mobile,Referral,4,20,38.46,2.05,0,0,0.0
Mobile,Referral,2,25,10.51,2.33,0,0,0.0
Desktop,Search,3,21,58.27,13.38,1,0,0.0
Mobile,Search,5,14,44.32,14.82,0,0,0.0
Mobile,Search,5,28,16.51,4.48,0,0,0.0
Mobile,Referral,2,15,44.0,2.33,1,0,0.0
Desktop,Email,1,12,35.35,7.34,0,0,0.0
Desktop,Search,1,11,8.33,10.7,0,0,0.0
Mobile,Search,4,11,12.34,9.26,0,0,0.0
Mobile,Social Media,1,7,4.4,14.28,0,0,0.0
Mobile,Advertisement,4,12,48.94,12.3,1,0,0.0
Desktop,Email,1,16,34.0,13.06,0,0,0.0
Mobile,Shopping Site,5,5,20.37,8.22,0,0,0.0
Desktop,Email,1,2,9.33,5.04,1,0,0.0
Mobile,Search,1,22,30.07,10.59,1,0,0.0
Mobile,Social Media,2,16,32.47,6.7,0,0,0.0
Mobile,Search,4,23,42.71,4.46,0,0,0.0
Mobile,Referral,0,15,58.26,2.45,0,0,0.0
Mobile,Search,4,11,27.23,8.01,0,0,0.0
Mobile,Search,0,29,25.55,8.99,0,0,0.0
Mobile,Referral,1,6,23.46,8.62,0,0,0.0
Mobile,Advertisement,3,13,49.96,1.92,0,0,0.0
Mobile,Social Media,1,19,11.07,8.64,0,0,0.0
Mobile,Referral,4,10,21.94,2.69,1,0,0.0
Desktop,Search,3,24,44.05,10.02,0,0,0.0
Desktop,Search,2,19,2.91,6.55,0,0,0.0
Desktop,Social Media,4,5,18.78,12.76,0,0,0.0
Desktop,Shopping Site,7,25,39.2,11.72,0,0,0.0
Mobile,Social Media,4,27,12.79,10.92,0,0,0.0
Mobile,Search,4,21,19.56,10.57,0,1,186.98
Mobile,Advertisement,3,7,30.19,8.5,1,0,0.0
Mobile,Email,3,11,26.48,1.1,0,0,0.0
Mobile,Search,2,14,8.15,9.9,1,0,0.0
Desktop,Search,2,23,56.42,7.11,1,1,116.32
Mobile,Referral,3,21,4.57,7.15,0,0,0.0
Mobile,Search,3,16,45.49,5.81,0,0,0.0
Mobile,Referral,2,18,6.14,13.95,0,0,0.0
Mobile,Referral,3,21,29.1,3.89,1,0,0.0
Mobile,Search,3,23,12.17,4.89,0,0,0.0
Mobile,Search,3,23,10.18,14.45,0,0,0.0
Desktop,Advertisement,4,4,9.3,12.19,0,0,0.0
Mobile,Referral,3,1,28.26,0.41,0,0,0.0
Mobile,Referral,8,22,31.9,13.61,0,0,0.0
Desktop,Shopping Site,3,29,9.74,3.55,1,0,0.0
Desktop,Referral,2,15,58.8,10.65,0,0,0.0
Desktop,Referral,4,14,16.95,8.39,0,0,0.0
Desktop,Email,0,19,28.61,8.14,0,0,0.0
Mobile,Search,4,27,14.54,10.83,0,0,0.0
Mobile,Search,2,5,30.65,3.27,0,0,0.0
Mobile,Search,1,4,45.85,2.55,0,0,0.0
Mobile,Referral,2,13,32.22,9.85,0,0,0.0
Mobile,Search,1,18,18.57,4.5,0,0,0.0
Mobile,Search,1,12,16.41,14.61,0,0,0.0
Mobile,Search,4,23,46.02,6.88,0,0,0.0
Mobile,Search,3,21,8.86,1.85,0,0,0.0
Mobile,Search,2,15,23.46,10.35,0,0,0.0
Mobile,Email,3,23,10.79,4.73,0,1,51.46
Mobile,Referral,3,9,16.96,2.4,1,1,116.78
Mobile,Search,3,4,10.86,6.46,1,0,0.0
Desktop,Search,5,5,53.43,14.47,0,0,0.0
Mobile,Search,4,9,44.45,6.29,0,1,112.91
Mobile,Email,1,13,34.53,5.34,0,0,0.0
Mobile,Referral,2,10,15.02,6.78,0,0,0.0
Desktop,Social Media,3,27,31.59,0.38,0,0,0.0
Mobile,Search,3,16,32.21,2.17,0,0,0.0
Mobile,Email,5,13,36.24,12.78,0,0,0.0
Mobile,Email,2,4,5.48,14.67,0,0,0.0
Mobile,Shopping Site,3,21,58.43,2.54,0,0,0.0
Desktop,Social Media,4,13,29.0,8.13,0,0,0.0
Mobile,Search,2,21,55.74,14.5,0,0,0.0
Mobile,Search,2,8,2.57,2.52,0,0,0.0
Desktop,Search,1,13,16.36,2.96,1,0,0.0
Desktop,Email,3,15,8.03,13.92,0,1,16.66
Mobile,Search,4,20,46.64,10.64,0,0,0.0
Desktop,Referral,6,20,20.57,2.45,1,0,0.0
Mobile,Search,2,13,50.75,6.02,0,1,41.75
Mobile,Social Media,5,23,50.28,1.03,0,0,0.0
Mobile,Social Media,4,27,40.73,6.6,1,0,0.0
Mobile,Search,7,5,40.62,11.71,0,0,0.0
Mobile,Search,4,22,42.61,8.4,0,0,0.0
Desktop,Referral,3,22,41.08,9.78,0,0,0.0
Desktop,Search,2,28,24.44,5.04,0,0,0.0
Mobile,Shopping Site,5,6,41.6,2.59,0,0,0.0
Desktop,Social Media,6,26,54.05,0.39,0,0,0.0
Mobile,Advertisement,2,5,21.29,12.36,0,0,0.0
Mobile,Internal,2,13,56.8,9.62,1,0,0.0
Mobile,Email,2,29,2.79,3.59,1,0,0.0
Mobile,Referral,1,5,22.25,6.39,0,0,0.0
Desktop,Email,4,25,9.66,12.06,0,0,0.0
Desktop,Search,5,13,9.34,8.17,0,0,0.0
Mobile,Referral,5,24,49.29,4.64,0,0,0.0
Mobile,Search,5,20,55.27,4.15,0,0,0.0
Mobile,Social Media,3,23,47.11,3.42,0,1,53.27
Mobile,Search,5,8,58.64,12.39,0,0,0.0
Desktop,Shopping Site,3,28,14.55,8.81,0,0,0.0
Mobile,Referral,0,9,10.17,10.7,0,0,0.0
Mobile,Referral,2,21,32.2,12.93,0,0,0.0
Mobile,Referral,2,19,50.08,14.81,0,0,0.0
Mobile,Referral,3,29,4.31,3.89,0,0,0.0
Mobile,Search,3,20,59.74,2.88,0,0,0.0
Mobile,Search,4,15,36.93,7.04,1,0,0.0
Mobile,Search,4,26,58.78,0.72,0,0,0.0
Mobile,Search,3,22,23.17,11.92,0,0,0.0
Desktop,Referral,2,10,28.57,13.28,1,0,0.0
Mobile,Shopping Site,2,11,45.64,10.35,0,0,0.0
Mobile,Internal,4,5,47.98,4.17,0,0,0.0
Desktop,Referral,3,9,15.52,2.02,0,0,0.0
Mobile,Email,0,29,55.93,5.86,0,0,0.0
Desktop,Email,4,11,52.31,12.53,0,0,0.0
Mobile,Social Media,3,27,3.06,5.35,0,0,0.0
Mobile,Social Media,2,19,9.46,0.71,0,0,0.0
Mobile,Search,1,2,30.77,4.26,0,0,0.0
Mobile,Search,3,6,28.74,14.85,0,0,0.0
Mobile,Internal,3,29,43.09,10.21,1,0,0.0
Mobile,Search,2,23,7.2,13.53,0,0,0.0
Mobile,Search,1,21,39.4,11.67,0,0,0.0
Mobile,Internal,3,1,37.75,8.19,0,0,0.0
Mobile,Social Media,5,3,15.55,2.4,0,0,0.0
Desktop,Email,4,3,33.46,5.36,1,1,41.25
Desktop,Search,3,28,14.89,8.84,0,0,0.0
Desktop,Search,4,14,10.52,13.09,0,0,0.0
Mobile,Referral,6,20,35.24,4.18,0,0,0.0
Mobile,Social Media,4,26,58.69,1.99,0,0,0.0
Mobile,Email,2,22,15.74,8.47,0,0,0.0
Mobile,Email,2,5,22.61,2.81,0,0,0.0
Mobile,Referral,2,17,16.88,9.23,0,0,0.0
Mobile,Search,2,15,17.45,4.1,0,0,0.0
Mobile,Search,2,6,25.44,3.62,0,0,0.0
Mobile,Search,2,14,42.71,6.11,0,0,0.0
Mobile,Search,2,14,4.25,8.98,0,0,0.0
Mobile,Search,1,25,57.51,8.27,0,0,0.0
Mobile,Social Media,2,27,4.68,3.82,0,0,0.0
Desktop,Search,1,17,53.11,13.39,0,0,0.0
Mobile,Referral,4,8,53.87,1.83,0,0,0.0
Mobile,Search,1,8,32.42,0.78,0,0,0.0
Mobile,Referral,4,19,9.95,9.12,0,0,0.0
Mobile,Search,2,29,34.78,2.03,0,0,0.0
Mobile,Referral,1,9,38.46,7.67,0,0,0.0
Mobile,Referral,4,11,51.75,14.29,0,0,0.0
Mobile,Referral,4,13,33.95,10.54,0,0,0.0
Mobile,Advertisement,4,13,25.82,9.34,0,0,0.0
Mobile,Search,2,27,50.62,8.71,0,0,0.0
Mobile,Search,2,24,58.9,2.86,0,0,0.0
Desktop,Email,2,19,39.42,6.6,0,0,0.0
Mobile,Referral,2,26,52.71,5.27,0,0,0.0
Mobile,Referral,2,21,36.73,14.31,0,0,0.0
Desktop,Advertisement,5,19,42.01,3.79,0,0,0.0
Mobile,Referral,1,5,41.91,7.18,0,0,0.0
Mobile,Search,1,16,42.88,14.08,0,0,0.0
Mobile,Referral,5,9,20.62,11.88,0,0,0.0
Mobile,Social Media,3,28,35.39,14.47,0,0,0.0
Desktop,Referral,2,20,36.46,9.2,1,0,0.0
Mobile,Referral,4,22,20.27,5.14,0,0,0.0
Desktop,Email,2,3,22.29,12.43,0,0,0.0
Mobile,Search,3,19,46.21,4.51,0,0,0.0
Mobile,Referral,3,5,35.8,2.64,0,0,0.0
Mobile,Referral,4,8,10.65,10.65,0,0,0.0
Mobile,Social Media,4,14,50.58,9.66,1,0,0.0
Mobile,Referral,2,24,53.22,13.21,0,0,0.0
Desktop,Referral,2,3,29.04,14.44,1,0,0.0
Mobile,Search,1,24,14.12,12.89,0,0,0.0
Desktop,Search,6,13,56.96,1.09,0,0,0.0
Mobile,Email,4,11,53.17,10.03,0,0,0.0
Desktop,Social Media,3,29,16.17,11.81,1,0,0.0
Mobile,Social Media,2,8,7.54,14.73,0,0,0.0
Mobile,Email,2,19,27.56,5.74,0,0,0.0
Desktop,Search,2,10,41.23,2.71,0,0,0.0
Mobile,Search,5,29,12.17,12.82,0,0,0.0
Mobile,Referral,1,26,31.77,4.9,0,0,0.0
Mobile,Email,3,18,26.67,9.05,0,0,0.0
Mobile,Social Media,1,26,53.65,5.97,1,0,0.0
Desktop,Search,1,18,26.91,6.15,0,0,0.0
Mobile,Search,7,25,32.96,11.04,0,0,0.0
Mobile,Email,6,7,57.41,5.55,0,0,0.0
Mobile,Referral,1,16,19.38,10.46,0,0,0.0
Mobile,Search,5,6,18.76,0.41,1,0,0.0
Mobile,Referral,3,16,48.38,5.0,0,0,0.0
Mobile,Internal,2,16,18.1,4.92,0,0,0.0
Mobile,Referral,3,23,50.25,11.28,0,0,0.0
Mobile,Search,3,24,7.54,4.86,0,0,0.0
Mobile,Referral,4,28,8.45,9.57,1,0,0.0
Mobile,Social Media,6,1,54.28,10.39,0,0,0.0
Mobile,Search,3,24,33.37,9.94,0,0,0.0
Mobile,Referral,3,19,43.69,9.13,0,0,0.0
Mobile,Email,5,3,15.07,6.32,0,0,0.0
Mobile,Social Media,0,6,11.64,5.72,0,0,0.0
Mobile,Advertisement,5,4,50.43,8.56,0,0,0.0
Mobile,Search,2,4,22.8,1.14,1,0,0.0
Mobile,Referral,1,4,28.39,13.16,1,0,0.0
Mobile,Email,4,10,3.62,12.41,0,0,0.0
Mobile,Email,4,9,24.38,5.33,0,0,0.0
Mobile,Search,5,8,46.69,8.59,0,0,0.0
Mobile,Search,2,19,49.63,14.0,0,0,0.0
Mobile,Shopping Site,2,17,42.53,4.22,0,0,0.0
Desktop,Advertisement,4,17,42.15,11.19,0,0,0.0
Mobile,Search,4,1,31.36,1.42,0,0,0.0
Mobile,Email,3,20,33.22,7.95,0,0,0.0
Mobile,Search,1,14,45.07,13.28,0,0,0.0
Mobile,Search,1,22,16.34,8.37,0,0,0.0
Mobile,Search,1,20,15.43,9.32,1,0,0.0
Desktop,Email,1,27,57.1,13.63,0,0,0.0
Mobile,Internal,4,11,3.61,10.79,0,0,0.0
Mobile,Search,3,3,10.09,10.5,0,0,0.0
Mobile,Email,4,24,35.08,8.88,0,0,0.0
Mobile,Referral,3,8,44.79,9.57,0,0,0.0
Mobile,Search,3,22,33.2,12.09,0,0,0.0
Mobile,Search,3,25,22.59,14.69,0,0,0.0
Mobile,Email,0,28,58.72,11.97,0,0,0.0
Mobile,Referral,6,10,42.82,10.67,0,0,0.0
Mobile,Social Media,4,17,50.22,2.21,0,0,0.0
Mobile,Search,1,29,4.33,12.29,0,0,0.0
Mobile,Search,6,8,15.68,11.09,0,0,0.0
Mobile,Referral,1,22,23.7,11.6,0,0,0.0
Mobile,Referral,3,1,12.59,3.62,0,0,0.0
Mobile,Search,6,20,6.23,13.57,1,0,0.0
Mobile,Social Media,3,21,15.06,1.64,0,0,0.0
Mobile,Email,1,7,32.95,3.95,0,0,0.0
Desktop,Search,4,24,42.35,10.01,0,0,0.0
Mobile,Referral,1,9,46.89,10.17,0,0,0.0
Mobile,Search,4,28,4.49,4.84,0,0,0.0
Mobile,Referral,5,12,26.82,10.58,0,0,0.0
Mobile,Social Media,1,22,9.09,5.94,0,1,88.94
Mobile,Search,2,26,27.01,0.2,0,0,0.0
Mobile,Social Media,5,9,27.17,2.61,0,0,0.0
Desktop,Search,9,20,30.9,13.26,0,0,0.0
Mobile,Email,5,24,53.78,3.5,0,0,0.0
Mobile,Internal,4,3,48.7,1.87,1,1,136.43
Mobile,Referral,4,4,38.93,10.3,0,0,0.0
Desktop,Social Media,4,10,53.35,6.72,0,0,0.0
Mobile,Social Media,3,4,41.35,11.99,0,0,0.0
Desktop,Referral,2,22,49.49,12.95,0,0,0.0
Mobile,Social Media,2,9,34.7,12.72,0,0,0.0
Desktop,Email,7,22,32.46,4.83,0,0,0.0
Mobile,Search,4,1,44.0,7.68,0,0,0.0
Desktop,Search,3,5,3.14,9.82,0,0,0.0
Mobile,Search,1,9,42.04,4.97,0,0,0.0
Desktop,Advertisement,1,5,56.2,0.81,0,0,0.0
Mobile,Referral,2,6,43.41,7.54,0,0,0.0
Mobile,Search,2,19,4.13,0.39,0,0,0.0
Mobile,Email,4,8,23.92,14.27,0,0,0.0
Mobile,Advertisement,3,10,48.96,11.99,0,0,0.0
Mobile,Search,4,11,57.6,3.04,0,0,0.0
Mobile,Search,6,13,23.47,4.46,0,0,0.0
Mobile,Email,2,20,50.79,14.75,0,0,0.0
Mobile,Referral,5,4,52.1,5.73,0,0,0.0
Desktop,Search,1,11,9.15,11.8,1,0,0.0
Mobile,Email,4,12,51.06,6.81,0,0,0.0
Desktop,Search,2,5,20.81,12.99,0,0,0.0
Mobile,Search,5,10,36.41,10.62,0,0,0.0
Mobile,Search,2,25,33.26,0.54,0,0,0.0
Mobile,Email,4,29,40.46,4.56,0,0,0.0
Mobile,Referral,2,24,44.95,8.46,0,0,0.0
Mobile,Search,6,7,27.57,13.91,0,0,0.0
Mobile,Search,2,21,53.52,1.71,0,0,0.0
Mobile,Search,0,9,48.95,9.1,1,0,0.0
Mobile,Referral,2,9,47.55,4.67,0,0,0.0
Desktop,Referral,3,10,28.58,13.36,1,0,0.0
Desktop,Search,2,10,4.18,11.52,0,0,0.0
Mobile,Search,4,2,30.55,5.67,0,0,0.0
Mobile,Search,2,4,54.11,2.67,0,0,0.0
Mobile,Search,2,8,13.05,0.37,0,0,0.0
Mobile,Email,4,29,58.99,9.39,0,0,0.0
Mobile,Search,1,14,48.85,6.21,0,0,0.0
Mobile,Search,1,17,43.17,4.86,1,0,0.0
Mobile,Email,4,13,41.28,14.79,0,0,0.0
Desktop,Search,3,21,36.05,7.1,0,0,0.0
Mobile,Referral,8,24,43.8,11.3,0,0,0.0
Mobile,Email,1,18,26.47,2.83,0,0,0.0
Mobile,Search,4,18,51.03,0.4,0,0,0.0
Mobile,Shopping Site,2,13,42.39,6.38,0,0,0.0
Mobile,Referral,2,8,46.73,10.05,0,0,0.0
Desktop,Internal,3,26,47.96,7.7,0,0,0.0
Mobile,Referral,4,12,7.34,13.38,0,0,0.0
Desktop,Referral,3,25,5.23,6.62,0,0,0.0
Mobile,Social Media,4,23,48.46,4.8,0,0,0.0
Mobile,Search,5,24,17.04,13.76,0,0,0.0
Mobile,Email,5,21,35.75,6.22,1,0,0.0
Mobile,Referral,2,1,27.74,4.19,0,0,0.0
Desktop,Referral,5,20,3.28,1.65,0,0,0.0
Desktop,Search,3,18,4.34,11.94,0,0,0.0
Mobile,Social Media,5,3,49.97,12.41,0,0,0.0
Mobile,Search,3,12,37.25,0.69,0,0,0.0
Mobile,Search,6,19,32.38,5.51,1,0,0.0
Desktop,Search,1,25,56.77,11.3,0,0,0.0
Mobile,Shopping Site,1,13,12.04,14.21,0,0,0.0
Mobile,Search,4,10,16.96,5.79,0,0,0.0
Mobile,Shopping Site,3,15,45.89,13.11,0,0,0.0
Mobile,Search,7,20,46.96,6.03,0,0,0.0
Mobile,Search,2,2,25.48,2.86,0,0,0.0
Mobile,Internal,0,19,57.16,0.25,0,0,0.0
Desktop,Shopping Site,2,3,56.42,5.09,0,0,0.0
Mobile,Referral,3,14,2.72,5.8,0,0,0.0
Mobile,Search,2,7,12.0,14.19,0,0,0.0
Desktop,Referral,3,8,49.57,3.25,0,0,0.0
Mobile,Email,3,29,21.44,5.86,0,0,0.0
Desktop,Shopping Site,1,11,7.54,0.57,1,0,0.0
Mobile,Search,4,29,47.53,11.5,0,0,0.0
Mobile,Search,4,22,28.37,13.74,0,0,0.0
Desktop,Search,4,20,30.56,3.72,0,0,0.0
Mobile,Search,3,6,12.81,6.55,0,0,0.0
Mobile,Referral,2,29,40.33,2.01,0,0,0.0
Mobile,Referral,2,11,33.97,6.96,0,0,0.0
Mobile,Search,2,17,13.99,2.17,0,0,0.0
Mobile,Social Media,0,29,21.74,7.95,0,0,0.0
Mobile,Social Media,4,10,36.62,11.07,0,0,0.0
Desktop,Advertisement,2,24,55.64,8.39,0,0,0.0
Mobile,Shopping Site,4,17,55.38,3.83,0,0,0.0
Mobile,Advertisement,2,21,18.7,5.44,0,0,0.0
Mobile,Search,7,2,44.67,9.65,0,0,0.0
Mobile,Referral,5,6,46.98,8.93,0,0,0.0
Mobile,Email,3,25,48.91,2.22,1,0,0.0
Desktop,Advertisement,1,5,35.1,12.71,0,0,0.0
Mobile,Search,4,4,2.61,7.23,0,0,0.0
Mobile,Internal,1,2,46.18,2.6,0,0,0.0
Mobile,Search,2,12,8.18,2.02,0,0,0.0
Mobile,Search,2,3,8.78,14.49,0,0,0.0
Mobile,Internal,4,6,37.13,4.37,0,0,0.0
Mobile,Search,5,24,59.04,13.65,0,0,0.0
Desktop,Search,2,14,16.07,6.28,0,0,0.0
Mobile,Search,2,8,39.46,5.91,0,0,0.0
Mobile,Search,2,21,19.61,10.57,0,0,0.0
Mobile,Referral,3,21,54.13,0.35,0,0,0.0
Mobile,Email,4,26,36.42,5.2,0,0,0.0
Mobile,Referral,1,14,14.03,4.68,1,0,0.0
Mobile,Referral,4,29,17.2,13.05,0,0,0.0
Mobile,Search,5,3,27.08,8.03,0,0,0.0
Mobile,Internal,1,16,9.08,5.6,0,0,0.0
Mobile,Search,2,15,6.57,4.14,0,0,0.0
Mobile,Search,3,7,41.44,8.94,0,0,0.0
Desktop,Search,1,15,25.62,2.44,1,0,0.0
Desktop,Search,3,13,44.12,3.84,0,0,0.0
Mobile,Referral,4,6,8.38,4.55,0,0,0.0
Desktop,Advertisement,4,15,37.37,9.2,0,0,0.0
Mobile,Social Media,3,17,27.71,5.72,0,0,0.0
Mobile,Referral,5,4,5.36,7.69,0,0,0.0
Mobile,Advertisement,1,22,33.6,9.83,0,0,0.0
Mobile,Social Media,4,27,6.8,14.35,0,0,0.0
Mobile,Search,2,22,50.01,11.52,0,0,0.0
Desktop,Email,1,27,38.65,6.2,0,0,0.0
Mobile,Internal,4,14,34.3,11.27,0,0,0.0
Mobile,Search,3,15,9.74,14.26,0,0,0.0
Mobile,Referral,2,28,18.67,7.59,0,1,89.77
Desktop,Advertisement,2,12,30.59,6.28,1,0,0.0
Mobile,Search,1,19,38.73,1.35,0,0,0.0
Mobile,Search,2,22,12.63,13.41,1,0,0.0
Mobile,Search,4,28,2.51,3.85,1,0,0.0
Mobile,Advertisement,4,10,22.0,1.15,0,0,0.0
Desktop,Search,6,6,30.01,8.15,0,0,0.0
Desktop,Search,1,28,12.7,12.72,0,0,0.0
Mobile,Email,4,25,30.55,6.22,0,0,0.0
Desktop,Search,0,9,21.63,11.79,0,0,0.0
Mobile,Search,2,2,28.4,12.58,0,0,0.0
Desktop,Email,2,4,22.15,6.93,0,0,0.0
Mobile,Email,2,9,38.45,8.95,0,0,0.0
Mobile,Search,1,15,4.49,8.1,0,0,0.0
Mobile,Search,3,13,11.91,14.1,0,0,0.0
Mobile,Social Media,5,20,27.1,10.94,0,0,0.0
Mobile,Search,1,8,22.67,13.9,0,0,0.0
Mobile,Social Media,2,26,24.71,3.46,0,0,0.0
Mobile,Referral,5,28,48.62,4.79,0,0,0.0
Mobile,Email,2,19,53.41,1.25,0,0,0.0
Mobile,Search,2,19,16.42,7.6,0,0,0.0
Mobile,Search,4,25,50.51,13.13,0,0,0.0
Desktop,Internal,2,16,28.61,5.04,1,0,0.0
Mobile,Email,2,11,17.88,2.1,0,0,0.0
Mobile,Referral,3,10,59.16,1.21,1,0,0.0
Mobile,Search,4,8,49.84,6.82,0,0,0.0
Desktop,Search,4,1,59.67,2.63,0,0,0.0
Mobile,Search,4,10,11.76,5.32,1,0,0.0
Mobile,Search,5,18,10.34,12.34,0,0,0.0
Desktop,Search,2,3,31.2,5.88,0,0,0.0
Desktop,Email,0,11,39.04,9.23,0,0,0.0
Mobile,Referral,3,18,11.92,7.63,0,0,0.0
Mobile,Email,3,3,51.9,10.83,0,0,0.0
Mobile,Search,2,8,32.86,2.51,0,0,0.0
Desktop,Search,3,27,25.83,13.82,1,0,0.0
Mobile,Social Media,5,27,36.92,9.73,0,0,0.0
Mobile,Search,1,28,38.83,4.21,1,0,0.0
Desktop,Referral,2,14,4.48,2.02,0,0,0.0
Mobile,Email,4,6,59.99,2.42,0,0,0.0
Mobile,Search,2,15,23.11,11.78,1,0,0.0
Mobile,Search,0,14,5.57,8.9,0,0,0.0
Mobile,Search,5,7,51.43,5.84,1,0,0.0
Mobile,Shopping Site,0,10,59.6,5.13,0,0,0.0
Mobile,Referral,2,15,49.35,12.87,0,0,0.0
Mobile,Search,3,29,51.41,13.15,1,0,0.0
Mobile,Email,2,10,38.3,8.8,1,0,0.0
Desktop,Referral,6,22,55.49,7.96,0,0,0.0
Mobile,Search,5,17,4.07,12.28,0,0,0.0
Desktop,Email,3,27,46.47,11.29,0,0,0.0
Mobile,Search,4,19,40.9,6.12,1,0,0.0
Desktop,Search,5,29,4.88,1.42,0,0,0.0
Mobile,Referral,2,17,33.55,11.57,0,0,0.0
Mobile,Advertisement,2,12,31.87,2.7,0,0,0.0
Mobile,Search,4,15,42.11,0.44,0,0,0.0
Desktop,Search,4,26,6.5,12.68,1,0,0.0
Mobile,Search,7,12,48.71,8.76,0,0,0.0
Mobile,Search,6,25,10.09,13.4,0,0,0.0
Mobile,Search,4,29,26.28,7.37,0,0,0.0
Desktop,Search,3,9,53.11,13.91,0,0,0.0
Mobile,Email,5,5,34.51,5.44,0,0,0.0
Mobile,Email,2,4,24.02,10.92,1,0,0.0
Mobile,Social Media,6,12,4.8,4.65,0,0,0.0
Desktop,Referral,2,16,40.99,0.22,0,0,0.0
Mobile,Email,6,9,59.22,5.82,0,0,0.0
Mobile,Shopping Site,3,25,54.88,11.12,0,0,0.0
Mobile,Search,2,3,43.6,2.42,0,0,0.0
Mobile,Email,5,21,8.11,7.67,0,0,0.0
Mobile,Email,3,3,15.89,3.34,0,0,0.0
Mobile,Social Media,2,26,12.84,1.3,0,0,0.0
Mobile,Referral,2,18,22.62,9.34,1,0,0.0
Mobile,Advertisement,1,17,15.66,14.29,0,0,0.0
Mobile,Social Media,4,28,16.18,4.8,0,0,0.0
Mobile,Referral,2,10,37.77,8.79,0,0,0.0
Mobile,Search,3,2,20.48,14.31,0,0,0.0
Mobile,Search,2,24,41.28,9.83,0,0,0.0
Mobile,Search,3,11,56.98,10.16,0,0,0.0
Mobile,Search,2,24,39.03,2.85,0,0,0.0
Mobile,Referral,0,3,45.6,7.49,1,0,0.0
Mobile,Search,2,23,45.59,5.63,0,0,0.0
Mobile,Search,3,23,21.18,7.17,0,0,0.0
Mobile,Referral,1,2,2.87,12.05,0,0,0.0
Desktop,Search,2,9,5.19,7.02,0,0,0.0
Mobile,Shopping Site,3,19,18.36,1.13,1,1,150.92
Mobile,Search,1,2,41.99,13.6,0,0,0.0
Mobile,Search,4,28,54.59,8.26,0,0,0.0
Mobile,Advertisement,1,19,57.61,13.88,1,0,0.0
Mobile,Search,5,2,3.5,8.67,0,0,0.0
Mobile,Search,1,15,59.43,1.23,0,0,0.0
Mobile,Search,1,24,20.7,8.38,0,0,0.0
Mobile,Email,5,21,50.89,8.72,0,0,0.0
Mobile,Search,0,3,12.46,3.37,0,0,0.0
Mobile,Referral,2,5,5.65,7.17,0,0,0.0
Desktop,Internal,2,11,23.94,7.0,0,0,0.0
Mobile,Referral,4,27,51.82,9.42,0,0,0.0
Desktop,Search,2,24,14.81,4.04,1,0,0.0
Mobile,Search,4,7,10.93,8.81,0,0,0.0
Mobile,Search,5,6,54.77,3.77,0,0,0.0
Mobile,Search,2,14,56.42,6.81,0,1,93.61
Mobile,Referral,3,29,2.73,2.02,0,0,0.0
Desktop,Social Media,4,1,44.19,0.75,0,0,0.0
Mobile,Referral,5,26,19.93,4.94,0,1,30.65
Desktop,Referral,2,17,23.73,4.26,0,0,0.0
Mobile,Referral,4,17,29.21,6.22,0,0,0.0
Desktop,Email,4,14,26.75,14.44,0,0,0.0
Mobile,Shopping Site,2,10,31.87,7.93,0,0,0.0
Mobile,Referral,3,8,35.78,8.39,0,0,0.0
Mobile,Referral,0,8,29.0,14.14,0,0,0.0
Mobile,Referral,7,14,42.69,13.83,0,0,0.0
Mobile,Search,0,7,43.68,13.28,0,0,0.0
Mobile,Search,0,6,27.54,1.65,1,0,0.0
Desktop,Search,1,4,10.26,9.59,0,0,0.0
Mobile,Social Media,1,1,39.16,12.16,0,0,0.0
Mobile,Shopping Site,0,15,46.83,12.57,1,0,0.0
Mobile,Search,1,25,39.01,8.75,0,0,0.0
Mobile,Internal,5,15,36.11,0.46,0,0,0.0
Mobile,Shopping Site,0,1,15.31,14.61,0,0,0.0
Mobile,Referral,6,20,39.42,7.19,1,0,0.0
Mobile,Referral,3,3,21.42,6.03,0,0,0.0
Mobile,Shopping Site,4,23,55.33,6.05,0,0,0.0
Mobile,Social Media,0,5,39.92,6.48,1,0,0.0
Mobile,Search,7,5,18.13,3.78,0,0,0.0
Mobile,Referral,4,4,29.43,5.04,0,0,0.0
Mobile,Referral,0,17,51.1,14.78,0,0,0.0
Mobile,Search,2,21,21.46,5.65,0,0,0.0
Mobile,Referral,8,20,32.48,8.0,1,0,0.0
Mobile,Internal,3,14,41.42,12.75,0,0,0.0
Desktop,Search,2,26,45.76,8.01,0,0,0.0
Mobile,Referral,3,29,12.09,5.0,0,0,0.0
Desktop,Referral,4,8,34.78,7.95,0,0,0.0
Mobile,Email,1,2,54.91,1.89,0,0,0.0
Mobile,Internal,5,8,58.16,2.12,0,0,0.0
Mobile,Email,1,1,40.06,10.47,0,0,0.0
Desktop,Search,5,29,59.05,13.78,0,0,0.0
Mobile,Referral,2,4,35.1,10.94,1,0,0.0
Desktop,Email,1,19,27.67,1.3,0,0,0.0
Desktop,Email,0,5,33.99,6.16,0,0,0.0
Mobile,Referral,2,29,8.71,0.24,1,0,0.0
Mobile,Search,1,5,25.3,7.77,0,1,156.65
Mobile,Shopping Site,2,21,28.59,3.06,1,0,0.0
Mobile,Email,0,28,51.22,13.05,0,0,0.0
Desktop,Referral,3,20,46.0,1.74,0,0,0.0
Desktop,Email,6,24,36.88,0.22,0,0,0.0
Mobile,Internal,2,19,22.14,6.88,0,0,0.0
Mobile,Search,0,12,12.85,2.5,0,0,0.0
Mobile,Referral,2,20,22.17,11.12,0,0,0.0
Mobile,Social Media,1,1,41.43,13.82,0,0,0.0
Desktop,Email,6,7,17.26,0.82,0,0,0.0
Mobile,Search,4,17,26.76,6.05,1,0,0.0
Mobile,Email,1,2,24.43,14.95,0,0,0.0
Mobile,Search,2,11,46.4,11.04,1,0,0.0
Mobile,Search,5,7,53.26,14.31,0,0,0.0
Mobile,Search,2,17,42.56,2.63,0,0,0.0
Mobile,Internal,3,27,21.81,3.48,0,0,0.0
Mobile,Email,2,3,27.12,2.49,0,0,0.0
Mobile,Search,1,29,10.31,4.68,0,0,0.0
Desktop,Search,5,22,11.75,10.92,0,0,0.0
Mobile,Search,3,6,11.53,2.64,0,0,0.0
Mobile,Social Media,3,22,9.57,7.96,0,0,0.0
Mobile,Referral,2,11,12.42,4.18,0,1,180.2
Mobile,Email,5,29,13.76,12.47,0,0,0.0
Mobile,Search,2,18,8.49,0.3,0,0,0.0
Mobile,Email,2,18,39.14,3.5,0,0,0.0
Mobile,Email,2,22,59.44,9.16,0,0,0.0
Mobile,Search,0,10,52.99,1.63,0,0,0.0
Mobile,Social Media,3,5,4.64,7.1,0,0,0.0
Mobile,Search,5,23,26.54,6.66,0,0,0.0
Desktop,Social Media,2,23,51.84,12.82,0,0,0.0
Mobile,Internal,2,21,9.81,9.46,0,0,0.0
Mobile,Email,4,24,51.16,9.67,0,0,0.0
Mobile,Search,5,26,36.38,14.29,1,0,0.0
Mobile,Referral,4,22,56.02,14.74,0,0,0.0
Mobile,Referral,2,15,52.81,9.87,0,0,0.0
Mobile,Search,2,21,41.27,7.93,0,0,0.0
Desktop,Referral,2,20,40.15,9.2,0,0,0.0
Mobile,Email,2,23,14.36,5.86,0,0,0.0
Mobile,Email,2,4,8.77,14.81,0,0,0.0
Mobile,Email,3,21,26.09,10.63,0,0,0.0
Mobile,Search,5,21,12.82,4.51,0,0,0.0
Mobile,Referral,3,1,7.94,1.05,0,0,0.0
Mobile,Email,3,15,19.53,0.86,0,0,0.0
Mobile,Social Media,5,17,51.91,3.23,0,0,0.0
Desktop,Search,4,19,2.99,3.65,0,0,0.0
Mobile,Referral,1,14,18.97,6.34,0,0,0.0
Mobile,Email,2,27,26.6,3.38,0,0,0.0
Mobile,Referral,1,19,31.61,9.54,0,0,0.0
Mobile,Shopping Site,5,18,12.53,3.33,0,0,0.0
Mobile,Referral,0,28,57.92,2.98,0,0,0.0
Mobile,Referral,5,2,35.57,7.17,0,0,0.0
Mobile,Search,4,6,32.28,13.35,0,0,0.0
Desktop,Shopping Site,3,13,2.51,7.13,0,0,0.0
Mobile,Search,3,17,30.17,6.32,0,0,0.0
Mobile,Search,3,6,50.58,8.76,0,0,0.0
Desktop,Email,1,21,14.74,4.01,0,0,0.0
Mobile,Referral,1,22,22.37,5.43,0,0,0.0
Mobile,Social Media,2,5,3.19,3.36,0,0,0.0
Mobile,Search,3,7,58.66,8.66,0,0,0.0
Mobile,Social Media,3,1,5.87,10.52,1,0,0.0
Mobile,Referral,3,13,54.1,10.17,0,0,0.0
Desktop,Email,4,19,20.15,3.97,0,0,0.0
Mobile,Search,5,22,36.08,11.74,0,0,0.0
Mobile,Search,2,1,41.4,3.99,0,0,0.0
Mobile,Referral,2,13,10.17,2.42,0,0,0.0
Mobile,Search,3,11,27.74,5.38,0,0,0.0
Mobile,Referral,2,27,20.88,9.05,0,0,0.0
Mobile,Referral,4,7,5.28,2.3,0,0,0.0
Desktop,Search,5,20,50.33,9.79,0,0,0.0
Mobile,Referral,4,3,4.62,12.97,0,0,0.0
Mobile,Shopping Site,4,26,39.89,4.54,0,0,0.0
Mobile,Advertisement,5,25,20.22,6.86,0,0,0.0
Mobile,Search,2,1,13.14,3.58,0,0,0.0
Mobile,Search,5,8,40.69,5.55,0,0,0.0
Mobile,Search,1,17,35.32,0.53,0,0,0.0
Mobile,Search,2,13,20.28,14.32,0,0,0.0
Mobile,Referral,3,14,31.75,6.36,0,0,0.0
Mobile,Email,3,5,16.28,11.88,0,0,0.0
Mobile,Social Media,3,26,52.09,2.31,0,0,0.0
Desktop,Referral,2,24,20.2,12.22,0,0,0.0
Mobile,Email,5,22,16.22,12.93,0,0,0.0
Mobile,Search,3,23,45.61,10.79,0,0,0.0
Mobile,Advertisement,2,27,3.02,13.57,0,0,0.0
Desktop,Shopping Site,3,24,17.54,2.67,0,0,0.0
Desktop,Referral,6,29,23.77,7.25,0,0,0.0
Mobile,Referral,8,6,53.17,9.38,0,0,0.0
Desktop,Search,3,27,57.13,9.02,1,0,0.0
Mobile,Email,0,22,43.56,12.94,0,0,0.0
Mobile,Email,5,27,30.57,3.39,0,0,0.0
Mobile,Search,3,6,39.16,2.8,0,0,0.0
Mobile,Referral,4,21,26.01,3.95,0,0,0.0
Mobile,Email,3,8,19.33,13.39,0,0,0.0
Desktop,Social Media,2,13,57.14,14.13,0,0,0.0
Mobile,Email,3,18,8.69,8.63,0,0,0.0
Mobile,Search,1,23,22.09,7.62,0,0,0.0
Mobile,Search,3,4,54.15,9.16,0,0,0.0
Mobile,Social Media,0,17,43.94,9.32,0,0,0.0
Mobile,Search,1,29,3.69,2.72,0,0,0.0
Mobile,Referral,3,5,3.34,10.36,0,0,0.0
Mobile,Advertisement,1,3,31.96,6.89,0,0,0.0
Desktop,Referral,0,4,30.09,7.86,0,0,0.0
Mobile,Internal,0,23,27.69,0.65,0,1,121.01
Mobile,Email,4,5,19.54,11.52,0,0,0.0
Mobile,Search,3,14,59.23,12.56,0,0,0.0
Mobile,Search,4,15,17.78,9.37,0,0,0.0
Mobile,Email,7,20,30.42,11.28,0,0,0.0
Mobile,Email,3,17,25.48,7.94,0,0,0.0
Desktop,Referral,1,6,11.87,9.35,0,1,16.83
Mobile,Advertisement,3,27,13.75,6.04,0,0,0.0
Desktop,Email,3,10,55.26,11.92,0,0,0.0
Desktop,Social Media,2,22,51.78,7.13,0,0,0.0
Mobile,Search,7,23,13.54,10.27,1,0,0.0
Desktop,Referral,2,16,52.79,9.4,1,0,0.0
Mobile,Advertisement,4,17,14.13,10.59,0,0,0.0
Desktop,Social Media,3,14,38.34,11.82,0,0,0.0
Mobile,Referral,2,20,6.71,7.79,0,0,0.0
Desktop,Advertisement,0,12,53.06,12.23,0,0,0.0
Desktop,Search,7,9,4.99,7.56,0,0,0.0
Desktop,Referral,5,15,34.19,14.36,0,0,0.0
Mobile,Search,5,12,47.22,11.34,0,0,0.0
Mobile,Shopping Site,1,14,8.78,2.73,1,0,0.0
Mobile,Referral,4,26,25.46,12.48,0,0,0.0
Mobile,Social Media,4,22,4.43,8.36,0,0,0.0
Mobile,Search,2,18,41.6,14.77,1,0,0.0
Mobile,Social Media,1,20,19.83,10.84,0,0,0.0
Mobile,Search,4,6,34.44,1.45,1,0,0.0
Desktop,Referral,5,4,56.1,6.05,0,0,0.0
Mobile,Search,5,26,19.74,7.86,1,0,0.0
Desktop,Referral,2,23,4.82,12.62,0,0,0.0
Mobile,Search,6,12,41.19,10.99,0,0,0.0
Desktop,Email,3,13,47.64,5.67,0,0,0.0
Desktop,Search,4,19,57.56,9.87,1,0,0.0
Mobile,Social Media,4,22,11.15,8.74,0,0,0.0
Mobile,Referral,2,13,24.74,2.07,0,0,0.0
Mobile,Advertisement,10,12,50.96,3.68,0,1,189.53
Mobile,Search,4,20,48.8,5.25,1,0,0.0
Mobile,Email,3,3,38.24,3.09,0,0,0.0
Mobile,Search,0,28,17.62,2.42,0,0,0.0
Mobile,Referral,2,3,18.47,1.06,0,0,0.0
Mobile,Internal,2,14,9.19,13.12,0,0,0.0
Mobile,Advertisement,1,18,55.47,4.48,0,0,0.0
Mobile,Search,4,27,12.03,4.5,0,0,0.0
Mobile,Search,4,19,35.23,3.25,0,0,0.0
Desktop,Search,2,29,35.89,7.24,0,0,0.0
Mobile,Shopping Site,3,28,23.44,7.81,1,0,0.0
Desktop,Search,6,10,22.45,3.28,0,0,0.0
Mobile,Search,2,17,40.78,9.21,0,0,0.0
Mobile,Internal,2,15,24.52,10.9,0,0,0.0
Mobile,Search,4,19,16.8,5.73,0,0,0.0
Mobile,Search,5,9,25.15,8.86,1,0,0.0
Mobile,Search,2,4,48.84,7.63,0,0,0.0
Mobile,Search,2,15,58.06,3.09,0,0,0.0
Mobile,Shopping Site,4,19,38.89,11.0,0,0,0.0
Mobile,Shopping Site,3,16,47.36,12.06,0,0,0.0
Mobile,Search,4,8,32.9,9.8,0,0,0.0
Mobile,Advertisement,3,17,38.24,4.99,1,0,0.0
Mobile,Search,2,21,59.31,13.92,1,0,0.0
Mobile,Search,5,1,27.43,6.94,0,0,0.0
Mobile,Search,0,7,5.84,4.14,0,0,0.0
Mobile,Search,4,21,57.51,6.24,0,0,0.0
Desktop,Internal,3,18,48.0,10.44,0,0,0.0
Mobile,Internal,1,12,25.1,12.72,0,0,0.0
Mobile,Referral,4,16,58.98,5.48,0,1,64.95
Desktop,Social Media,4,1,22.04,3.64,0,0,0.0
Mobile,Shopping Site,3,27,23.58,9.47,0,0,0.0
Mobile,Internal,0,15,37.36,13.83,0,0,0.0
Mobile,Search,3,7,17.91,2.91,0,0,0.0
Mobile,Search,5,28,42.52,12.08,0,0,0.0
Mobile,Referral,1,17,10.87,7.25,0,0,0.0
Mobile,Social Media,5,3,8.27,12.03,0,0,0.0
Mobile,Search,2,11,33.02,7.68,0,0,0.0
Mobile,Referral,2,6,34.22,5.78,0,0,0.0
Desktop,Referral,2,6,8.19,10.51,1,0,0.0
Desktop,Referral,3,15,57.92,13.53,0,0,0.0
Mobile,Email,5,7,35.25,4.94,0,0,0.0
Mobile,Referral,5,11,10.76,7.02,0,0,0.0
Mobile,Search,2,27,20.06,3.6,0,0,0.0
Mobile,Social Media,3,17,48.41,2.91,1,0,0.0
Mobile,Email,0,23,32.35,11.71,0,0,0.0
Mobile,Referral,4,18,12.91,3.17,0,0,0.0
Desktop,Email,2,22,7.97,11.94,0,0,0.0
Mobile,Search,8,29,26.98,6.55,0,0,0.0
Mobile,Search,5,24,21.57,14.93,0,0,0.0
Mobile,Search,4,29,40.04,3.12,1,0,0.0
Mobile,Email,3,21,55.66,1.58,0,0,0.0
Desktop,Search,3,26,16.37,1.32,0,0,0.0
Mobile,Search,1,19,51.6,12.56,0,0,0.0
Mobile,Search,1,27,55.39,6.68,1,0,0.0
Mobile,Referral,3,8,54.32,0.25,0,0,0.0
Mobile,Advertisement,4,24,57.22,13.15,0,0,0.0
Mobile,Referral,2,20,50.84,13.18,0,0,0.0
Mobile,Search,2,8,36.42,12.13,0,0,0.0
Mobile,Social Media,4,21,25.77,3.88,0,0,0.0
Mobile,Social Media,2,29,30.52,5.72,1,0,0.0
Mobile,Search,3,11,52.61,11.22,0,0,0.0
Mobile,Search,2,21,19.48,7.44,0,0,0.0
Mobile,Search,1,3,11.24,2.48,1,0,0.0
Mobile,Internal,4,23,10.17,3.79,0,0,0.0
Mobile,Search,3,27,49.97,14.59,0,0,0.0
Desktop,Shopping Site,2,14,46.17,2.43,0,0,0.0
Desktop,Referral,4,27,30.86,10.95,1,0,0.0
Desktop,Referral,2,9,17.94,7.27,0,0,0.0
Mobile,Internal,3,25,41.3,11.28,0,0,0.0
Mobile,Social Media,0,1,4.23,9.98,0,0,0.0
Mobile,Search,4,1,34.96,6.7,0,0,0.0
Mobile,Referral,4,26,25.11,5.44,0,0,0.0
Desktop,Search,3,28,58.72,11.36,1,0,0.0
Mobile,Email,0,12,31.44,4.98,0,1,45.29
Mobile,Shopping Site,0,11,34.03,11.86,0,0,0.0
Mobile,Email,3,21,43.32,10.26,0,0,0.0
Mobile,Shopping Site,2,1,30.1,8.75,0,0,0.0
Mobile,Email,3,20,15.02,5.66,0,0,0.0
Mobile,Social Media,2,12,33.16,3.24,0,0,0.0
Mobile,Referral,6,17,56.77,10.71,0,0,0.0
Mobile,Referral,4,15,25.77,1.55,1,0,0.0
Mobile,Email,3,2,41.42,14.56,1,1,117.93
Mobile,Search,4,18,58.73,14.69,0,0,0.0
Desktop,Internal,6,16,50.14,2.13,0,0,0.0
Desktop,Search,3,4,40.22,1.74,0,0,0.0
Mobile,Search,0,8,44.69,6.31,1,0,0.0
Mobile,Search,0,2,56.32,14.46,0,0,0.0
Mobile,Search,7,14,57.67,6.12,0,0,0.0
Mobile,Email,5,25,58.2,5.58,0,0,0.0
Mobile,Search,2,15,38.29,10.61,0,0,0.0
Desktop,Search,6,28,24.31,2.85,0,0,0.0
Mobile,Social Media,6,9,9.72,5.58,0,0,0.0
Desktop,Internal,2,2,24.36,4.51,0,0,0.0
Mobile,Advertisement,4,17,56.69,9.1,0,0,0.0
Mobile,Search,2,26,53.61,2.61,0,0,0.0
Mobile,Search,1,10,32.37,8.32,0,0,0.0
Desktop,Referral,5,9,33.15,12.89,0,0,0.0
Mobile,Email,7,2,19.92,7.81,0,0,0.0
Mobile,Email,0,24,28.36,10.32,1,0,0.0
Mobile,Referral,2,19,43.44,1.31,0,0,0.0
Mobile,Search,0,17,25.34,6.85,0,0,0.0
Mobile,Referral,4,11,12.9,1.6,0,0,0.0
Mobile,Referral,5,17,33.37,9.07,0,0,0.0
Mobile,Email,2,10,15.07,4.36,0,0,0.0
Mobile,Search,1,18,58.51,4.45,0,0,0.0
Mobile,Advertisement,3,23,24.64,1.34,0,0,0.0
Mobile,Search,2,28,54.76,4.79,0,0,0.0
Mobile,Email,3,6,15.08,7.7,0,0,0.0
Mobile,Referral,3,16,12.97,8.85,0,0,0.0
Mobile,Referral,5,28,37.78,1.19,0,0,0.0
Mobile,Email,4,27,47.2,9.84,0,0,0.0
Desktop,Shopping Site,2,18,34.87,7.44,0,0,0.0
Mobile,Search,7,20,15.33,8.15,1,0,0.0
Mobile,Search,3,18,4.2,12.53,0,0,0.0
Mobile,Search,3,1,37.86,5.26,0,0,0.0
Mobile,Shopping Site,0,28,9.6,2.78,0,0,0.0
Mobile,Search,6,3,21.9,8.37,0,0,0.0
Mobile,Social Media,3,15,41.2,14.19,0,0,0.0
Mobile,Internal,0,20,7.69,7.86,0,0,0.0
Mobile,Referral,6,10,9.38,12.51,0,0,0.0
Mobile,Referral,3,21,5.58,11.4,1,0,0.0
Mobile,Search,6,5,59.77,7.87,1,0,0.0
Mobile,Email,1,15,24.45,9.78,0,0,0.0
Mobile,Referral,5,23,54.54,6.22,0,0,0.0
Mobile,Search,4,14,19.03,8.05,0,0,0.0
Mobile,Shopping Site,4,15,45.69,7.71,0,0,0.0
Desktop,Email,4,10,14.71,10.69,1,0,0.0
Mobile,Social Media,1,24,30.9,6.27,0,0,0.0
Mobile,Search,1,9,49.83,1.68,1,0,0.0
Mobile,Search,9,12,49.35,11.87,0,0,0.0
Mobile,Email,6,7,48.07,10.34,0,0,0.0
Mobile,Social Media,4,5,49.78,14.26,0,0,0.0
Mobile,Social Media,2,25,14.27,6.54,0,0,0.0
Mobile,Search,3,24,29.97,1.36,0,0,0.0
Mobile,Internal,4,10,30.12,2.0,0,0,0.0
Mobile,Referral,4,25,53.65,11.65,0,0,0.0
Mobile,Referral,2,26,19.22,1.2,0,0,0.0
Mobile,Email,1,8,56.03,13.64,0,0,0.0
Desktop,Email,4,22,28.15,4.37,0,0,0.0
Mobile,Search,1,20,40.85,13.5,0,0,0.0
Mobile,Referral,4,25,17.6,11.65,0,0,0.0
Desktop,Social Media,5,16,25.8,13.09,0,0,0.0
Mobile,Search,2,12,43.17,3.37,0,0,0.0
Mobile,Search,4,9,31.74,9.02,0,0,0.0
Mobile,Social Media,2,10,55.98,1.59,0,0,0.0
Desktop,Email,3,16,44.75,3.19,0,0,0.0
Mobile,Internal,4,10,34.74,4.79,0,0,0.0
Mobile,Search,4,9,53.43,11.16,0,0,0.0
Mobile,Referral,3,26,40.6,0.57,0,0,0.0
Desktop,Search,5,3,39.54,13.57,0,0,0.0
Mobile,Search,3,27,16.29,1.25,0,0,0.0
Mobile,Email,2,28,24.9,5.77,0,0,0.0
Mobile,Advertisement,1,19,41.63,1.4,0,0,0.0
Mobile,Email,4,11,53.72,11.58,0,0,0.0
Mobile,Social Media,2,6,20.3,2.29,0,0,0.0
Desktop,Referral,4,6,14.5,13.29,1,0,0.0
Mobile,Search,5,15,36.43,8.05,0,0,0.0
Mobile,Search,0,29,5.9,14.24,0,0,0.0
Mobile,Email,2,15,43.44,4.5,0,0,0.0
Desktop,Search,2,13,42.78,6.92,0,0,0.0
Mobile,Referral,2,22,22.59,10.47,0,0,0.0
Mobile,Social Media,1,5,53.78,12.51,0,0,0.0
Desktop,Referral,2,14,31.13,6.44,0,1,195.28
Desktop,Search,2,21,39.45,13.41,0,0,0.0
Desktop,Search,7,2,14.16,1.95,0,0,0.0
Desktop,Search,2,23,26.21,10.69,0,0,0.0
Mobile,Referral,3,12,52.02,5.35,1,0,0.0
Mobile,Social Media,1,20,14.35,1.7,0,0,0.0
Mobile,Email,4,14,24.65,5.92,0,0,0.0
Desktop,Social Media,2,19,20.45,13.23,0,0,0.0
Mobile,Search,3,24,10.76,14.71,1,0,0.0
Mobile,Search,5,20,18.8,6.01,0,0,0.0
Mobile,Search,3,15,15.5,13.32,0,0,0.0
Mobile,Social Media,3,27,55.57,7.74,0,0,0.0
Mobile,Shopping Site,3,20,44.98,10.81,0,0,0.0
Desktop,Referral,4,24,20.33,0.87,0,0,0.0
Desktop,Social Media,6,17,46.27,8.45,0,0,0.0
Mobile,Social Media,5,25,3.28,1.24,0,0,0.0
Mobile,Search,1,14,32.54,4.18,0,0,0.0
Mobile,Search,4,23,16.52,8.59,0,0,0.0
Mobile,Referral,1,28,8.63,12.15,0,0,0.0
Desktop,Social Media,3,18,53.26,8.5,0,0,0.0
Mobile,Referral,4,27,13.56,14.06,0,0,0.0
Mobile,Referral,4,28,49.7,12.19,0,0,0.0
Desktop,Search,5,22,25.97,2.51,0,0,0.0
Mobile,Advertisement,3,24,2.83,5.96,0,0,0.0
Mobile,Social Media,1,27,44.49,10.09,0,0,0.0
Mobile,Referral,1,5,36.59,14.09,0,0,0.0
Mobile,Search,4,22,21.96,14.82,0,0,0.0
Mobile,Email,5,12,18.33,11.5,1,0,0.0
Mobile,Referral,2,10,6.27,8.69,0,0,0.0
Mobile,Email,4,8,56.6,11.4,0,0,0.0
Desktop,Search,6,29,30.65,4.24,0,0,0.0
Mobile,Search,3,6,6.96,4.4,0,0,0.0
Mobile,Referral,3,28,52.38,9.88,0,0,0.0
Mobile,Search,3,25,18.17,13.1,0,0,0.0
Mobile,Search,2,15,13.81,14.55,0,0,0.0
Mobile,Search,4,12,18.29,5.25,0,0,0.0
Mobile,Search,2,25,34.75,11.99,0,0,0.0
Mobile,Search,1,25,6.3,12.8,1,0,0.0
Desktop,Social Media,2,6,29.94,9.42,0,0,0.0
Mobile,Search,2,12,53.95,5.34,0,0,0.0
Mobile,Email,4,15,12.91,9.36,0,0,0.0
Desktop,Search,4,12,21.21,8.85,0,0,0.0
Mobile,Social Media,3,9,24.98,9.18,0,0,0.0
Mobile,Search,4,19,36.0,9.37,0,0,0.0
Mobile,Search,4,21,55.32,12.74,0,0,0.0
Mobile,Referral,1,2,24.88,2.72,0,0,0.0
Mobile,Search,5,28,6.01,5.64,0,0,0.0
Mobile,Email,4,13,22.18,8.87,0,0,0.0
Mobile,Search,1,13,13.02,4.39,0,0,0.0
Mobile,Social Media,5,8,39.8,14.68,0,0,0.0
Mobile,Social Media,4,27,3.7,4.09,0,0,0.0
Mobile,Search,1,13,18.93,7.15,1,0,0.0
Mobile,Shopping Site,2,4,33.62,13.19,0,0,0.0
Mobile,Search,4,6,18.09,1.38,0,0,0.0
Mobile,Email,2,6,33.96,12.35,0,0,0.0
Desktop,Email,6,21,8.65,8.65,0,0,0.0
Mobile,Internal,4,12,56.68,0.67,0,0,0.0
Mobile,Email,6,12,18.87,13.56,0,0,0.0
Mobile,Internal,4,17,55.53,0.78,0,0,0.0
Mobile,Advertisement,4,27,20.9,7.83,0,0,0.0
Desktop,Shopping Site,2,7,47.35,0.93,0,0,0.0
Desktop,Advertisement,1,26,16.28,1.25,0,0,0.0
Mobile,Search,3,15,40.85,13.33,0,0,0.0
Mobile,Search,2,24,20.78,11.53,0,0,0.0
Mobile,Social Media,4,17,31.53,3.11,0,0,0.0
Desktop,Search,5,10,41.08,9.38,0,0,0.0
Mobile,Internal,0,23,36.16,11.96,1,0,0.0
Mobile,Search,5,20,35.42,13.37,0,0,0.0
Mobile,Search,3,6,5.81,7.13,0,0,0.0
Mobile,Search,3,9,16.45,13.48,0,0,0.0
Mobile,Social Media,5,15,35.17,7.72,0,0,0.0
Mobile,Search,0,16,3.06,10.39,0,0,0.0
Mobile,Shopping Site,3,21,16.54,14.69,0,0,0.0
Mobile,Search,1,8,15.29,3.69,0,0,0.0
Mobile,Advertisement,2,16,16.49,2.69,0,0,0.0
Mobile,Search,3,5,33.07,5.26,0,0,0.0
Mobile,Search,1,18,35.75,2.63,0,0,0.0
Mobile,Search,1,20,54.72,4.41,0,0,0.0
Mobile,Referral,4,14,24.39,11.2,0,0,0.0
Mobile,Search,5,2,55.74,7.27,0,0,0.0
Mobile,Referral,5,23,39.81,5.75,0,0,0.0
Mobile,Search,2,23,54.93,5.66,1,0,0.0
Mobile,Referral,2,3,50.34,3.08,0,0,0.0
Mobile,Internal,3,14,41.88,6.82,0,0,0.0
Desktop,Email,5,29,22.65,9.44,1,1,138.25
Mobile,Social Media,6,7,15.98,2.26,1,0,0.0
Desktop,Referral,3,15,14.9,14.6,0,0,0.0
Mobile,Referral,1,17,57.23,6.76,0,1,91.76
Mobile,Social Media,2,1,57.6,14.23,0,0,0.0
Mobile,Search,2,9,44.04,2.19,0,0,0.0
Mobile,Search,2,22,53.26,11.55,1,0,0.0
Mobile,Referral,2,29,55.3,9.34,0,0,0.0
Mobile,Social Media,2,14,31.67,12.34,0,0,0.0
Mobile,Referral,3,16,38.49,9.09,0,1,185.28
Mobile,Advertisement,4,28,26.29,14.45,0,0,0.0
Mobile,Search,3,21,26.27,9.48,0,0,0.0
Mobile,Search,2,13,4.23,11.81,0,0,0.0
Mobile,Referral,2,6,27.16,13.19,0,0,0.0
Mobile,Referral,5,22,41.06,10.78,0,0,0.0
Mobile,Advertisement,3,1,26.47,7.96,0,0,0.0
Mobile,Search,2,21,52.6,4.24,0,0,0.0
Mobile,Search,1,25,21.29,12.85,0,0,0.0
Mobile,Referral,5,4,9.7,7.31,0,0,0.0
Desktop,Referral,2,3,49.07,9.39,0,0,0.0
Desktop,Search,2,17,41.09,1.37,1,0,0.0
Mobile,Search,5,2,16.03,7.56,0,0,0.0
Mobile,Social Media,2,19,33.11,10.53,1,0,0.0
Mobile,Referral,3,20,25.31,8.84,0,1,156.63
Mobile,Advertisement,0,23,56.45,6.84,0,0,0.0
Mobile,Email,0,22,37.23,3.51,0,0,0.0
Mobile,Social Media,1,27,11.19,4.78,0,1,113.76
Desktop,Advertisement,4,8,31.12,10.57,0,0,0.0
Mobile,Email,6,25,52.03,3.52,0,0,0.0
Mobile,Advertisement,3,15,40.95,9.4,1,0,0.0
Mobile,Search,1,6,50.86,8.93,0,0,0.0
Mobile,Internal,0,23,16.52,14.56,1,0,0.0
Mobile,Advertisement,0,20,53.52,1.1,0,0,0.0
Mobile,Email,0,2,45.83,1.8,0,0,0.0
Mobile,Social Media,1,25,44.28,7.69,0,1,109.69
Mobile,Search,3,25,22.1,8.0,0,0,0.0
Desktop,Email,5,15,53.48,0.79,0,0,0.0
Mobile,Shopping Site,7,20,39.0,12.42,0,0,0.0
Mobile,Search,0,12,51.41,7.52,1,0,0.0
Mobile,Shopping Site,4,3,22.94,5.33,0,0,0.0
Desktop,Search,2,10,10.45,4.92,0,0,0.0
Mobile,Social Media,2,14,21.28,12.95,0,0,0.0
Mobile,Email,4,27,28.41,3.11,0,0,0.0
Desktop,Referral,0,22,32.94,2.57,0,0,0.0
Desktop,Social Media,3,14,31.63,3.36,0,0,0.0
Mobile,Search,1,3,33.67,9.45,0,0,0.0
Desktop,Search,3,1,50.82,12.2,0,0,0.0
Mobile,Referral,6,20,11.87,5.1,0,0,0.0
Mobile,Referral,3,1,20.33,2.77,0,0,0.0
Mobile,Search,5,2,53.54,3.3,1,0,0.0
Mobile,Search,2,19,34.51,9.36,0,0,0.0
Mobile,Referral,1,24,35.84,3.84,0,0,0.0
Mobile,Email,4,10,29.73,13.18,0,0,0.0
Mobile,Internal,7,4,33.84,1.74,0,0,0.0
Mobile,Search,2,4,13.49,0.68,1,0,0.0
Mobile,Referral,4,13,33.72,1.51,0,0,0.0
Mobile,Referral,4,26,59.84,12.72,0,0,0.0
Mobile,Search,0,9,34.83,9.84,1,0,0.0
Mobile,Referral,5,7,4.58,14.37,0,0,0.0
Mobile,Email,7,16,48.19,5.18,0,0,0.0
Mobile,Social Media,1,18,25.0,3.35,0,0,0.0
Desktop,Internal,2,3,10.91,8.52,0,0,0.0
Mobile,Social Media,3,20,52.03,8.16,0,0,0.0
Mobile,Email,1,20,13.48,8.95,0,0,0.0
Mobile,Referral,2,10,55.4,5.34,0,0,0.0
